PATH	BYTES	SHA256	CATEGORY
.github/FUNDING.yml	89	aa5df06bce0087e8f1fb8406b057cd82f68755c1ca7d57e2595846b272493650	GITHUB_CONFIGURATION
.gitignore	55	149918b25e854ab7b711c5039a9e43b5fa5c363da7f50260f4ace1df45387d8e	ROOT_DOCUMENTATION
AI_DISCLOSURE.md	1541	b244777d9c3c24f2f6d8e0edf41c80050560bb30300eaec371a05c2fe2a8d47e	ROOT_DOCUMENTATION
ANALYSIS_OUTPUTS/act_robustness/HTS43_CANONICALIZATION_AUDIT.md	961	e5ed15f9da979f05d35b530e9c3f0ce16c6c78895ef37cb660273900dd3a1924	ANALYSIS_OUTPUT
ANALYSIS_OUTPUTS/act_robustness/HTS43_CHAIN_SOURCES.tsv	1209	88e241a8c203c3547c2c602b3b00a4cc72c126886e418c3bc41b7ba8b8f1ba05	ANALYSIS_OUTPUT
ANALYSIS_OUTPUTS/act_robustness/HTS43_CORR1_LIMITED_CORRECTION_ORDER.md	937	60856272e5966b05679c02c93f036769d00e25f901f951b325fd6f5237a2b57c	ANALYSIS_OUTPUT
ANALYSIS_OUTPUTS/act_robustness/HTS43_NUMERICAL_RESULTS.json	4015	0e0dc17a7567d39d417d1a613fcdd54c0e11ed822ee77b1038365884e29ea99e	ANALYSIS_OUTPUT
ANALYSIS_OUTPUTS/act_robustness/HTS43_ROBUSTNESS_RESPONSE.tsv	5926	da152cc4617d56034e95cf83c933c2f52088ad16f85687d1820341b261e9537d	ANALYSIS_OUTPUT
ANALYSIS_OUTPUTS/bao_early_scale/HTS18_CONCLUSION_SUMMARY.tsv	702	8a87faa64b359fb4ae97e262ac8c1c8a049558f560f9dc36bd1ad900d2e45727	ANALYSIS_OUTPUT
ANALYSIS_OUTPUTS/bao_early_scale/HTS18_POSTERIOR_PRODUCT_SUMMARY.tsv	677	d50da1bba248d8a61e5c383d50445400b7ef228ed680271ecc201aa32b5ba0ad	ANALYSIS_OUTPUT
ANALYSIS_OUTPUTS/bao_early_scale/HTS18_PROJECTED_GAUSSIAN_CONTRACT.tsv	528	832f148832428a03bdac5a39f198ebe9cd748bb54319b1b5cb8b5adba20371b5	ANALYSIS_OUTPUT
ANALYSIS_OUTPUTS/bao_early_scale/HTS18_SOURCE_REGISTRY.tsv	530	423c028b54b863a9bf6b1b6098ec3aa817f171a9155c4aee59e7015c4dc609ea	ANALYSIS_OUTPUT
ANALYSIS_OUTPUTS/bao_early_scale/HTV05_MACHINE_READABLE_RESULTS.json	4571	7e41f66c1a9c63f90c39c08c4e9b4dd68af6abb036e624820b7c5c51c111dc97	ANALYSIS_OUTPUT
ANALYSIS_OUTPUTS/bao_early_scale/HTV05_SOURCE_REGISTER.md	1760	5df0804e852476164ccc21f5e10fa8d80bfffe9b8b031d892d7f7babfea05d6b	ANALYSIS_OUTPUT
ANALYSIS_OUTPUTS/cmb_geometry/HTS19_CROSS_EXPERIMENT_AUTHORITY_ATLAS.tsv	2631	7b5255f90012d852fa53daa6bfe823204125f42c7521f44197bf47e379a72faf	ANALYSIS_OUTPUT
ANALYSIS_OUTPUTS/cmb_geometry/HTS19_SOURCE_REGISTRY.tsv	1011	153d620cb42d69f5d901dd744fc70cc8c7bb7313110e001bc238951ad9ad0f87	ANALYSIS_OUTPUT
ANALYSIS_OUTPUTS/cmb_geometry/HTS21_DEPENDENCY_GRADE_ATLAS.tsv	1975	fdcf72398beef1e0f21f7f8857c5df0c527c7cbc51e08a7ffc769a42c486b868	ANALYSIS_OUTPUT
ANALYSIS_OUTPUTS/cmb_geometry/HTS21_SOURCE_REGISTRY.tsv	1844	15ad1cfc8de38532dcb1ae728979dde1b526de8e5137c3169caca316c691bd64	ANALYSIS_OUTPUT
ANALYSIS_OUTPUTS/cmb_geometry/HTS23_AXIS_GEOMETRY_ATLAS.tsv	3045	dbbfa27f3972841b6eff12b246fd9a76939baeefd92b9694355bde916b5fea89	ANALYSIS_OUTPUT
ANALYSIS_OUTPUTS/cmb_geometry/HTS23_COMMON_AXIS_SUMMARY.tsv	1271	dd5c057db2e7a83990aa1a2901aad2f9c0ff5e644b00797a2c9f2cee004e770b	ANALYSIS_OUTPUT
ANALYSIS_OUTPUTS/cmb_geometry/HTS23_SOURCE_REGISTRY.tsv	1505	88fba7bc9fac28fc35e1bba6ba532b923fb04030d14d46c96992d50d2b039d76	ANALYSIS_OUTPUT
ANALYSIS_OUTPUTS/cmb_geometry/HTS25_ACOUSTIC_INVARIANT_CROSSCHECK.tsv	946	a3c1cfa52891a57afbcf38d936861f8601e0ec8292437736680296bf8a3e2e4d	ANALYSIS_OUTPUT
ANALYSIS_OUTPUTS/cmb_geometry/HTS25_SOURCE_REGISTRY.tsv	595	7e42b6658d239385fa60648cb95bd1612592fb14d7aedaeaa8e8b9e934b4aef6	ANALYSIS_OUTPUT
ANALYSIS_OUTPUTS/cmb_geometry/HTV100_MACHINE_READABLE_RESULTS.json	346	12081f1ad95a2731e9dcc5419b170e0ce8aaa2eaa6587244f91f08136df2e91e	ANALYSIS_OUTPUT
ANALYSIS_OUTPUTS/cmb_geometry/HTV101_NESTED_MODEL_TESTS.tsv	660	ed4151e081c7230e8677ef7785a1854daa50d39fb3a0dcf992d60d1964620af8	ANALYSIS_OUTPUT
ANALYSIS_OUTPUTS/cmb_geometry/HTV101_PROFILED_AMPLITUDE_MODELS.tsv	608	932af5461637086dfc00491a9ce54d3147fe0a5be2578b92b47563b9fcf860b9	ANALYSIS_OUTPUT
ANALYSIS_OUTPUTS/desi_response/HTV84_MODE_ADJUDICATION.tsv	1043	a255eb95d1fffde125e3655cfbb5b74c42abbc7cd42ab87dc164a82af6e9da08	ANALYSIS_OUTPUT
ANALYSIS_OUTPUTS/desi_response/HTV98_CLOSEOUT_METRICS.tsv	286	be76d50be5ba1831ec3a3a7e5108a1cd6eea873a3ce7848470ba9f73f29f58be	ANALYSIS_OUTPUT
ANALYSIS_OUTPUTS/desi_response/HTV98_STATE_SUMMARY.tsv	491	9a9dbae1302c9f093388ca9f11c0679280aae4feb425db6e1b342563a8667cab	ANALYSIS_OUTPUT
ANALYSIS_OUTPUTS/independent_routes/HTV108_ALL_JACKKNIFE_RESULTS.tsv	4004	16f62796ea4e51a31e9384042211c0c0b8ff20977d3ce44fba1f296a01ea3158	ANALYSIS_OUTPUT
ANALYSIS_OUTPUTS/independent_routes/HTV108_MACHINE_READABLE_RESULTS.json	914	94397e0f687c2458a4a220dcafc2060a03ce53f94541dd3e1f01e31e217a230f	ANALYSIS_OUTPUT
ANALYSIS_OUTPUTS/independent_routes/HTV108_NGC4258_ROLE_SEPARATION.tsv	1303	30fac3024a138c3df5aacc0fe6848f0965b2c9528aed02c4687044457a82cf48	ANALYSIS_OUTPUT
ANALYSIS_OUTPUTS/independent_routes/HTV108_SOURCE_REGISTER.json	1099	7d977fbe50782667d7eeea2c42406440406a32b3a27e21188a576ef239d77fb8	ANALYSIS_OUTPUT
ANALYSIS_OUTPUTS/independent_routes/HTV111_CROSS_ROUTE_INDEPENDENCE_MATRIX.tsv	1089	0aec6bfa28e3bbfa8b6857c882133c7588b0a30069c01b5b86f4b63e0f86f81c	ANALYSIS_OUTPUT
ANALYSIS_OUTPUTS/independent_routes/HTV111_DEPENDENCY_QUALIFICATION_MATRIX.tsv	1643	f183b96b10e9e0ef67233abb414b89a166523948b4d227b9862c3571fea48758	ANALYSIS_OUTPUT
ANALYSIS_OUTPUTS/independent_routes/HTV111_ROUTE_CONTRACT_MATRIX.tsv	959	a1ffcacbad597513120934b3e75ad7228be78c7b736bcc438c255c74244518fd	ANALYSIS_OUTPUT
ANALYSIS_OUTPUTS/independent_routes/HTV112_PUBLIC_CODE_REPRODUCTION.tsv	1100	dab0e8fe97751e7aee3b5a38cb85f9952fffd374f13fc920b6e4ceffc9e7f9fd	ANALYSIS_OUTPUT
ANALYSIS_OUTPUTS/independent_routes/HTV112_SOURCE_REGISTER.json	1149	31b2deecb9a6e86aa777214e8ce52b3044aed49846139957cc62110ac1e73241	ANALYSIS_OUTPUT
ANALYSIS_OUTPUTS/independent_routes/HTV113_MACHINE_READABLE_RESULTS.json	1253	5c48369ee10d8b01833fafc24817e8e1c540c9d5f661fb4f04f28a0e23f99482	ANALYSIS_OUTPUT
ANALYSIS_OUTPUTS/independent_routes/HTV113_ORTHOGONAL_PATH_AUDIT.tsv	1404	15dc42b28c5c3bd7ab36ed3e0a6cb9658d2ab3650476a2c3497762f6120a9475	ANALYSIS_OUTPUT
ANALYSIS_OUTPUTS/independent_routes/HTV113_SOURCE_REGISTER.json	741	3b4c2b20704855ce68bd84e7087571325f91eb624e624f4263c762896da8c872	ANALYSIS_OUTPUT
ANALYSIS_OUTPUTS/independent_routes/HTV135_CLAIM_MATRIX.tsv	3481	7a8a5f8165236816405ec246a29e3471081890f5a97514ac90f4b53d4e8ae7ea	ANALYSIS_OUTPUT
ANALYSIS_OUTPUTS/integrated/HTV_HTS_ISSUE_AND_DEPENDENCY_REGISTER.tsv	5884	2fccaff9d434e1b2cc5707b1c1aa2d2371ab677976cd98e08c4d652d5035b9eb	ANALYSIS_OUTPUT
ANALYSIS_OUTPUTS/integrated/HTV_HTS_MAJOR_BRANCH_LEDGER.tsv	9033	ac8269da3a34ace427faa0bc439955b52d539548d6fff3b2cd713936077cc58e	ANALYSIS_OUTPUT
ANALYSIS_OUTPUTS/integrated/HTV_HTS_REENTRY_AND_MINIMAL_TESTS.tsv	3905	fba41c2a3c74310f07ed8ab9a105eaf4ed82c577cfc8478f0946cb11796bc24d	ANALYSIS_OUTPUT
ANALYSIS_OUTPUTS/integrated/PRIOR_PACKAGE_INTEGRITY_SUMMARY.tsv	671	3ab17da1d5cabb0579f47a903f7d39d194f76fd990b00420e95b14ed825f1712	ANALYSIS_OUTPUT
ANALYSIS_OUTPUTS/local_ladder/HTV19_SHARED_HOST_DISTANCE_COMPARISON.tsv	1936	8e20502d0be5dac84984eec134ba4a095f11e4d7d6025a9fdd9f59902a9b93ff	ANALYSIS_OUTPUT
ANALYSIS_OUTPUTS/local_ladder/HTV19_SHARED_HOST_SUMMARY.json	2602	f1746fedd1e6879c6c19670a6954f5b044b7367f924b1bd4d58a184fef66d462	ANALYSIS_OUTPUT
ANALYSIS_OUTPUTS/local_ladder/HTV19_SOURCE_REGISTER.md	2021	eb0e6a944c8bee747ec8467357722e4e28c787f0fa77c60cf8db5e6eb4b592ab	ANALYSIS_OUTPUT
ANALYSIS_OUTPUTS/local_ladder/HTV31_LOCAL_SN_MECHANISM_EVIDENCE_MAP.tsv	3949	c368f669b88f1d7f946165b168d56aba7f3ba3a2db6110b6c5e9587f74f07f32	ANALYSIS_OUTPUT
ANALYSIS_OUTPUTS/posterior_attribution/HTS66_INVARIANT_HIERARCHY.tsv	2469	4f2f348bba2f17b4abdb77cfa4112f4c701bfca588042b192fa171b1727e10dd	ANALYSIS_OUTPUT
ANALYSIS_OUTPUTS/posterior_attribution/HTS66_PRIMARY_SYNTHESIS.tsv	569	411b14fc62e8648faccfdd8aff42def21a6d13af60aa5711e049035aacc9044b	ANALYSIS_OUTPUT
ANALYSIS_OUTPUTS/posterior_attribution/HTS67_CLASSIFICATION.tsv	1913	8d4c8ff4002d3dd9e40f61bf1c4e34020f4ceb5a43d12b556a656713e0456625	ANALYSIS_OUTPUT
ANALYSIS_OUTPUTS/posterior_attribution/HTS67_SYMMETRIC_POOLING_SENSITIVITY.tsv	2627	3c7e6bfc17dee1a33a6a3dee60cb287eabff7aa9a10f5fb8c7e5dc4fb135dfa0	ANALYSIS_OUTPUT
ANALYSIS_OUTPUTS/rules/WORK_SCIENTIFIC_AUDIT_RULES_V1.md	3767	c82affc3ef75f2444b66b46a5cb86760e076e1e9c4f57a8bcd42b97850c11071	ANALYSIS_OUTPUT
ANALYSIS_OUTPUTS/supernova_processing/HTV23_CONTROLLED_W_DECOMPOSITION.tsv	309	3ec390b8a6e92f084d1144b0224eadc9ba213d449012475532f3662662f4c82d	ANALYSIS_OUTPUT
ANALYSIS_OUTPUTS/supernova_processing/HTV23_SOURCE_REGISTER.md	2046	d4bf2698a098d6bd4bae81195c79960a04560a0ae26fae9bf18b6e01f599cae6	ANALYSIS_OUTPUT
ANALYSIS_OUTPUTS/supernova_processing/HTV23_SUPERCAL_TO_FRAGILISTIC_TRANSITION.tsv	205	76664943111dd966bb124781cb7b684d7915e34123904dc47c0a9af69a163664	ANALYSIS_OUTPUT
ANALYSIS_OUTPUTS/supernova_processing/HTV29_FIXED_EFFECT_SLOPE_DECOMPOSITION.tsv	9433	5d8246447e9f040533c44d73053ae721485edcf80a0144417eba7debfc0de954	ANALYSIS_OUTPUT
ANALYSIS_OUTPUTS/supernova_processing/HTV29_SOURCE_REGISTER.md	1140	a2578781db5940f0640241f2113487dc4579330ed53df6542656c184b6fb29e3	ANALYSIS_OUTPUT
ANALYSIS_OUTPUTS/supernova_processing/HTV30_BBC_CLOSURE_GATE.tsv	1006	88fab3c418df36606f3614051c628717c002cfd6f837e8809e57ba073bde48e5	ANALYSIS_OUTPUT
ANALYSIS_OUTPUTS/supernova_processing/HTV31_LOCAL_SN_BRANCH_STOP_GATE.tsv	859	923d482b371823412ab05da6ddd6f0c3a7295b67618914a3eea9b7f112a0cbd0	ANALYSIS_OUTPUT
ANALYSIS_OUTPUTS/tdcosmo/corr1/HTS68_CORR1_CANONICAL_CLASSIFICATION.md	2461	d78f931dde6a06c7fcbba97a61070da4664cd59693dd1f6688c7a34560908394	ANALYSIS_OUTPUT
ANALYSIS_OUTPUTS/tdcosmo/corr1/HTS68_CORR1_METHOD_AND_CONTRACT_REPORT.md	8662	0143f7839386fca8326b227d85d00c2b7378971cf60ff83fa9f117acb94c2aef	ANALYSIS_OUTPUT
ANALYSIS_OUTPUTS/tdcosmo/corr1/HTS68_CORRECTED_EXECUTION_CONTRACT_FOR_FUTURE_RERUN.md	9527	f5d863d55212a2f4473a556846ab9ff7a68522254f7a18dbd7e9eab4f7123b2f	ANALYSIS_OUTPUT
ANALYSIS_OUTPUTS/tdcosmo/corr1/HTS68_PAPER_TABLE6_REFERENCE.tsv	3605	1cd322aa9e1131bd6a81702e1b81d3afb49f0388b59825983573e05d260d00ed	ANALYSIS_OUTPUT
ANALYSIS_OUTPUTS/tdcosmo/corr1/HTS68_SOURCE_ENFORCEMENT_PATCH.diff	28957	e73e2def315cf8608994d2848fbae721a9c97546ece6bd34dfc0f159a5f2c142	ANALYSIS_OUTPUT
ANALYSIS_OUTPUTS/tdcosmo/corr1/SHA256SUMS.txt	636	973d47f514160b0a8cd7a20286eac6264b4c3423e31601275f3f03230370ce7e	ANALYSIS_OUTPUT
ANALYSIS_OUTPUTS/tdcosmo/corr1/WORK_SCIENTIFIC_AUDIT_RULES_V1.md	3767	c82affc3ef75f2444b66b46a5cb86760e076e1e9c4f57a8bcd42b97850c11071	ANALYSIS_OUTPUT
ANALYSIS_OUTPUTS/tdcosmo/corr2/HTS68_CORR1_CANONICAL_CLASSIFICATION.md	2461	d78f931dde6a06c7fcbba97a61070da4664cd59693dd1f6688c7a34560908394	ANALYSIS_OUTPUT
ANALYSIS_OUTPUTS/tdcosmo/corr2/HTS68_CORR2_PATCH_VALIDATION_REPORT.md	2809	00f395659a457afb43249f7c8ae62415b9200e441df223880e4f8e64b0aafaf8	ANALYSIS_OUTPUT
ANALYSIS_OUTPUTS/tdcosmo/corr2/HTS68_CORR2_SOURCE_G0_ENFORCEMENT_PATCH.diff	40886	5d8483ff4604c634c1d8d39be1cdc2d74927be6b308242a2f69737f762fe4fa0	ANALYSIS_OUTPUT
ANALYSIS_OUTPUTS/tdcosmo/corr2/HTS68_CORR2_TECHNICAL_STATUS.md	1285	dd16a89514cd7457d826f81de2d1d70574db0a6a25cb2e38852b911372f87def	ANALYSIS_OUTPUT
ANALYSIS_OUTPUTS/tdcosmo/corr2/HTS68_CORRECTED_EXECUTION_CONTRACT_FOR_FUTURE_RERUN.md	6321	2fb034fda7be0c4c8c897f24efee59233f70c9e2b30ffbc7ef1f997849027c73	ANALYSIS_OUTPUT
ANALYSIS_OUTPUTS/tdcosmo/corr2/HTS68_G0_APPROVAL_RECORD_TEMPLATE.json	346	bffd20328379ad49720bdcb5a4e958805fca9420eef7e4c766d9bcf75111730d	ANALYSIS_OUTPUT
ANALYSIS_OUTPUTS/tdcosmo/corr2/HTS68_G0_FREEZE_MANIFEST_TEMPLATE.json	518	b1a28ee84703eece7c9435c51eb6e90d73ef0d031d71f8e0b9b6960d05121f8c	ANALYSIS_OUTPUT
ANALYSIS_OUTPUTS/tdcosmo/corr2/HTS68_PAPER_TABLE6_REFERENCE.tsv	3605	1cd322aa9e1131bd6a81702e1b81d3afb49f0388b59825983573e05d260d00ed	ANALYSIS_OUTPUT
ANALYSIS_OUTPUTS/tdcosmo/original_results/HISTORY_ONLY_HTS68_CLASSIFICATION.json	1190	fb8972ce6f847ffc01c0a92b2712a8d8a67335f54f4e6cb45924c954f718a411	ANALYSIS_OUTPUT
ANALYSIS_OUTPUTS/tdcosmo/original_results/HISTORY_ONLY_HTS68_EXECUTION_REPORT.md	2328	60e27f9767d34e3d613e876b9520321138e361a2ad53890dcc64aa9082415618	ANALYSIS_OUTPUT
ANALYSIS_OUTPUTS/tdcosmo/original_results/HTS68_CHAIN_CONTRACT_AUDIT.tsv	6087	7341704eb77605b91d380b32e7bbba3941387639faa15b274a8d0d60310fdbb1	ANALYSIS_OUTPUT
ANALYSIS_OUTPUTS/tdcosmo/original_results/HTS68_CHAIN_IDENTIFIER_CROSSWALK.tsv	479	14e9b0dbb2a05d807f93d882161ad6022da076e63b7c5e5b1f2d2c0df215e3ac	ANALYSIS_OUTPUT
ANALYSIS_OUTPUTS/tdcosmo/original_results/HTS68_FLAT_LCDM_POSTERIOR_SUMMARY.tsv	4080	767fc8d1c88f53a1f43991f54142a1a3c9bb879b5874f89961003b215dd3496f	ANALYSIS_OUTPUT
ANALYSIS_OUTPUTS/tdcosmo/original_results/HTS68_LIMITATION_REGISTER.tsv	999	d98836bda8d1b6a13bbbe37f684a41b3d7779ae0312a02f79b24c96b8f28c800	ANALYSIS_OUTPUT
ANALYSIS_OUTPUTS/tdcosmo/original_results/HTS68_NESTED_DEPENDENCY_SHIFTS.tsv	2234	ccee88ae7f2e5fbf5e562c28325dfd61d71f4abb00ba4f13102e6c41cd0fc994	ANALYSIS_OUTPUT
ANALYSIS_OUTPUTS/tdcosmo/original_results/HTS68_SOURCE_FREEZE.tsv	317	21437f01759a1c386d23161b3409c1606e4811e86addba429dc036893cb3f703	ANALYSIS_OUTPUT
ANALYSIS_OUTPUTS/tdcosmo/original_run_history/HISTORY_ONLY_HTS68_EXECUTION_CONTRACT.md	1680	c2e5b4c93dfcc1197b9571dfa486c2bec2dd5fd6aec3d3906daaae7d4e812bad	ANALYSIS_OUTPUT
ANALYSIS_OUTPUTS/tdcosmo/original_run_history/HISTORY_ONLY_run_hts68_tdcosmo_audit.py	29622	cb13001656042b833f0c443145718939857a7731ee6ebd421afa69b3809d243e	ANALYSIS_OUTPUT
CHANGELOG.md	7264	8747cca28fd156b0a6e6b5f3e2746445ab0ae1ca926ec13e0c118f84b277665d	ROOT_DOCUMENTATION
CITATION.cff	823	27dd03c3defcef16cc83d568e25fc3d969e05e6b5eb4c7aca6f2fd9adfab61d4	ROOT_DOCUMENTATION
FIGURE_SOURCE_DATA/FIGURE1_DEPENDENCY_GRAPH_DATA.tsv	2012	b493225638ac9d1fa7b528380b951ee6cbe9bef1822edf463c34e457d34ed5f6	FIGURE_SOURCE_DATA
FIGURE_SOURCE_DATA/FIGURE2_EVIDENCE_HIERARCHY_DATA.tsv	1200	d226a24b40bd5313dae19c9b380408434b4a6bf8029fc38c3cfa374ecba8099e	FIGURE_SOURCE_DATA
FIGURE_SOURCE_DATA/FIGURE3_CMB_DESI_AXIS_DATA.tsv	3038	0302a0569f096f09eb2088c5bf97e65d1b29298b7fca8e242c488d9860f5b651	FIGURE_SOURCE_DATA
FIGURE_SOURCE_DATA/FIGURE3_COMMON_AXIS_SUMMARY.tsv	1252	9816e864958afadf329fa3bc9123dcf3aac1fdfd7f8d8394115a184114fa89f4	FIGURE_SOURCE_DATA
FIGURE_SOURCE_DATA/FIGURE4_CLASSIFICATION_DATA.tsv	347	d0d99421f99f5035465cb7c35c01354e95a535c8563517bec678d954e2a0d625	FIGURE_SOURCE_DATA
LICENSE	1337	29ea1e118dc08a2db06febc0f1f7e5a1a4071b65f5de64884d965cca8eb82e69	ROOT_DOCUMENTATION
POST_SYNTHESIS_VALIDATION/tdcosmo_second_implementation/BLIND_EXECUTION_CONTRACT.md	3914	beae2069934206dd15fb05f0eb5da1da58c338d7c6e0481685398ac8d1d1b45f	POST_SYNTHESIS_VALIDATION
POST_SYNTHESIS_VALIDATION/tdcosmo_second_implementation/CLAIM_AND_SCOPE_BOUNDARY.md	2447	3dda15ca7da75b09df4ee859119159c1ec4a36d6932a53e1e19ec45c03dea62d	POST_SYNTHESIS_VALIDATION
POST_SYNTHESIS_VALIDATION/tdcosmo_second_implementation/EXTENSION_ENVIRONMENT.txt	331	987060f017cd3315292ff574cad0987c06e50c30127d0bf806b7e71461f596bf	POST_SYNTHESIS_VALIDATION
POST_SYNTHESIS_VALIDATION/tdcosmo_second_implementation/EXTENSION_EXECUTION_CONTRACT.md	1963	f82e2d483969ce5b0e41f87010ed2837e3734175ba5623d4b3afa3dd7eafccc0	POST_SYNTHESIS_VALIDATION
POST_SYNTHESIS_VALIDATION/tdcosmo_second_implementation/EXTENSION_METHOD_NOTE.md	1267	633a3a3175af3658f60c579b6c27dd5b4fde083d802f224350412907b6fb1478	POST_SYNTHESIS_VALIDATION
POST_SYNTHESIS_VALIDATION/tdcosmo_second_implementation/EXTENSION_RUN_COMMAND.txt	372	36a06d7ef88f16d6e5fbdf27a8acd854d2f255d7fc9af9df5be551d6bd92806a	POST_SYNTHESIS_VALIDATION
POST_SYNTHESIS_VALIDATION/tdcosmo_second_implementation/EXTENSION_RUN_LOG_STDOUT.txt	1530	ed5aa5cb39381e15ffc8322f284b84777e8533051eee2786a0a2f4f79e923bc2	POST_SYNTHESIS_VALIDATION
POST_SYNTHESIS_VALIDATION/tdcosmo_second_implementation/FINAL_CLASSIFICATION.json	864	31c8711847bb39b208a5a2e80e1504b12886b9b63146e20897cfc43a74d4aa2a	POST_SYNTHESIS_VALIDATION
POST_SYNTHESIS_VALIDATION/tdcosmo_second_implementation/FINAL_RESULT_SUMMARY.tsv	474	476444aecc584b795d1ef4336b52db344b575e70eaff2b1da6ee109072c478a1	POST_SYNTHESIS_VALIDATION
POST_SYNTHESIS_VALIDATION/tdcosmo_second_implementation/HISTORICAL_SEQUENCE.md	3418	334da5d7bfc5c9bb692fe9f63a48e98bb1314f52ebfad633bc3a72010f0b6980	POST_SYNTHESIS_VALIDATION
POST_SYNTHESIS_VALIDATION/tdcosmo_second_implementation/HISTORICAL_SOURCE_RECORDS.tsv	874	b71b9f789d265c09bd63d83b6d6819f3f6d0cb1c89582d5805aa4a7c6789dda5	POST_SYNTHESIS_VALIDATION
POST_SYNTHESIS_VALIDATION/tdcosmo_second_implementation/IDENTIFIER_COLLISION_RECORD.md	610	34d3bb39831c9a60e5644dcfc40430898b01f03d121657c8de332fdbedfbd31c	POST_SYNTHESIS_VALIDATION
POST_SYNTHESIS_VALIDATION/tdcosmo_second_implementation/IDENTIFIER_CROSSWALK.tsv	476	be690a2395cb209abadcb695d5b286323b96f9026a182acd7cf741e86b3b5d24	POST_SYNTHESIS_VALIDATION
POST_SYNTHESIS_VALIDATION/tdcosmo_second_implementation/LICENSE_CODE_MIT	1072	84954891c039ce0b1a500ae5cf46dc8795ddf6ea78ac312b4aff0566910b87ca	POST_SYNTHESIS_VALIDATION
POST_SYNTHESIS_VALIDATION/tdcosmo_second_implementation/METHOD_FREEZE_RECORD.json	794	a8f56e7e0f290f639c1380135af2b7ad64d6f59bd0fe610cb91a7d8a1e230d12	POST_SYNTHESIS_VALIDATION
POST_SYNTHESIS_VALIDATION/tdcosmo_second_implementation/NUMERICAL_COMPARISON_13_CHAINS.tsv	3579	ee89d0b76adae683c1cd92ac5b77747d4c08de8937d69b3148184e6e65a1e887	POST_SYNTHESIS_VALIDATION
POST_SYNTHESIS_VALIDATION/tdcosmo_second_implementation/PILOT_COMPARISON_AUDIT_REPORT.md	3607	baa79b73f025b75d0c08b7bbc655687c23ee2b7b47e0671ca2926aa529c2c532	POST_SYNTHESIS_VALIDATION
POST_SYNTHESIS_VALIDATION/tdcosmo_second_implementation/PILOT_METHOD_NOTE.md	1267	633a3a3175af3658f60c579b6c27dd5b4fde083d802f224350412907b6fb1478	POST_SYNTHESIS_VALIDATION
POST_SYNTHESIS_VALIDATION/tdcosmo_second_implementation/PILOT_NUMERICAL_COMPARISON_3_CHAINS.tsv	823	2b34bb74220a6c3bc714c70b065c945c0c519eb236afbd58385e9a2c391daca7	POST_SYNTHESIS_VALIDATION
POST_SYNTHESIS_VALIDATION/tdcosmo_second_implementation/PILOT_RUN_LOG_STDOUT.txt	370	ae4ae33025595eb1af1282b9a338ef62af41e9eb8c54b127eef3fe787cbbf2c3	POST_SYNTHESIS_VALIDATION
POST_SYNTHESIS_VALIDATION/tdcosmo_second_implementation/PILOT_STRUCTURAL_COMPARISON_3_CHAINS.tsv	6744	b90b44d827acc4e07092f38b62223c1eba74dc2adf8f3b251ae4a4636ca8863c	POST_SYNTHESIS_VALIDATION
POST_SYNTHESIS_VALIDATION/tdcosmo_second_implementation/README.md	4250	0898435d00858d35f8431afd0b24e764362b512fc675b60865fcc4e944075d9d	POST_SYNTHESIS_VALIDATION
POST_SYNTHESIS_VALIDATION/tdcosmo_second_implementation/SELECTION_AND_EXCLUSION_RECORD.md	1879	471071760f5b7961d037f27ae1b9c36db4fc69de2d84d2057cc6a085f91ea0a1	POST_SYNTHESIS_VALIDATION
POST_SYNTHESIS_VALIDATION/tdcosmo_second_implementation/SHA256SUMS.txt	2626	405dcb20c07481fae75e5be71f36213af004356801a0ac684996df736ab6ad7e	POST_SYNTHESIS_VALIDATION
POST_SYNTHESIS_VALIDATION/tdcosmo_second_implementation/SOURCE_MANIFEST_13_CHAINS.tsv	1980	ee3c73fb0a9d051c18ff0f415fa785c72e1f3ff63adf6e5118393a1098f8f3ae	POST_SYNTHESIS_VALIDATION
POST_SYNTHESIS_VALIDATION/tdcosmo_second_implementation/STRUCTURAL_COMPARISON_13_CHAINS.tsv	25974	990c6cd5f1b18db9c1e8ea70ed49228fefa20c12ca9c34acf1444c61111a9f38	POST_SYNTHESIS_VALIDATION
POST_SYNTHESIS_VALIDATION/tdcosmo_second_implementation/TABLE6_PUBLISHED_PRECISION_COMPARISON.tsv	5015	20b05756d39d27c8eae7ae00ca3867b4345f90f943ec576d3a2dee395243f468	POST_SYNTHESIS_VALIDATION
POST_SYNTHESIS_VALIDATION/tdcosmo_second_implementation/VALIDATION_REPORT.md	730	79680daf34a5946a4ef50688204f5c259cc2de967857122c553ef06573ba62ba	POST_SYNTHESIS_VALIDATION
POST_SYNTHESIS_VALIDATION/tdcosmo_second_implementation/run_audit.py	17628	6360c803c584cc29e939445001fa6508cd875d16b4cdba5caba8be8b031368f7	POST_SYNTHESIS_VALIDATION
PROVENANCE/ARCHIVED_OUTPUT_INDEX.tsv	40601	e56222ffdc6272e136f020d0faddc6996b406dab5814d2405af2b9a382c9cb5a	PROVENANCE
PROVENANCE/DIRECT_NUMERICAL_VALIDATION_REPORT.tsv	5503	e7ed83ab6005d803a64f7d6865fd892dc59be2462f9da9b294f1dde0452b3c65	PROVENANCE
PROVENANCE/PATH_MAPPING.tsv	409	1d7f605874ee1781e6ad672b8b4cc4d9c008ef314d78b4bd6b8122ed86399431	PROVENANCE
PROVENANCE/PHASE2C_EVIDENCE_ORIGIN_CORRECTION.tsv	677	bc43958c52b8a30fd5595aaa91d2f1903af98cbf92990f1aa132ce329cf8c781	PROVENANCE
PROVENANCE/PHASE3B_RUN_LINEAGE_REGISTER.tsv	1223	c6243b104ea3bb76c2d7b4e9eadce7c8ce50956c31e7e207ebf3a5b1b87ab734	PROVENANCE
PROVENANCE/POST_SYNTHESIS_VALIDATION_REGISTER.tsv	3950	75875741d34306385e0645f3aceee96812674e9b36e1c573ef7966488a3c39a6	PROVENANCE
PROVENANCE/PRETAG_REPRODUCIBILITY_GATE.tsv	2333	9d1065ae4d023a18a167e7eeb58d09799f42d311cbbc80b42360e0ea8934f714	PROVENANCE
PROVENANCE/PRINCIPAL_NUMERICAL_RESULTS_VALIDATION.tsv	27981	2d2d5eb27f935256fc9d1e4ca458861590960476e58ce4a2d849a52e757faa03	PROVENANCE
PROVENANCE/REEXECUTION_EVIDENCE_REGISTER.tsv	1805	8626b1f6fa73a7e4d1041b4bfc4c8e06d2080ec4b9612c70c3093e6acce127f0	PROVENANCE
PROVENANCE/REPRODUCTION_STATUS.tsv	2827	4f38192f7011faa1ee10543f7396a2098f9d5180f41c411a0d94a7ee06210da6	PROVENANCE
PROVENANCE/SOURCE_AND_VERSION_RECORDS.tsv	7745	51b7863113f1e88dc1b382d828cbd31b36d8c96ac6d5b36f4388f6afd9775baa	PROVENANCE
PROVENANCE/STATEMENT_TO_EVIDENCE_REGISTER.tsv	39831	e5c833cab0d0ba235bec93263371cdde11e25977966f2769c6ec0ef15aa7052e	PROVENANCE
PROVENANCE/TABLE2_NUMBER_ID_VALIDATION.tsv	7444	69ce205b168e2a2d25d72385c994cb860c76974f0b24972b697fd5af5a3b8563	PROVENANCE
PROVENANCE/V001_EVIDENCE_PATHS.tsv	2494	da806d667bbde34177a20d7d0ac7941af9384795265dd093244489c55f9ecae0	PROVENANCE
PROVENANCE/V1_5_5_PRESERVATION_RECORD.tsv	1408	bfc289c004aebea51abc5226b9a239ed7f47247d3da525ed2923e3a393aee6af	PROVENANCE
PROVENANCE/V1_6_0_TO_V1_6_1_CHANGE_BOUNDARY.tsv	1467	1f0d699a7f67cbee821bee7fa42eb68c383c7a9afa6ce15cb312e6fb82cc74a6	PROVENANCE
PROVENANCE/V1_6_1_TO_V1_7_0_CHANGE_BOUNDARY.tsv	375	7e01c822b86a67009f2b10d9ddc0078f9ab9c82a1066f125fbf5ec8314d8236c	PROVENANCE
PUBLICATION_UPDATE_GUIDE.md	2718	e6a4b263f2e72e479aadaef40b47e977a53a7a0c0e24a5a8a9d2499c5984b5b6	ROOT_DOCUMENTATION
README.md	8776	6753d4c3e12a3608b750c10d6c047f090920defa0998021b5d1834d346d7303a	ROOT_DOCUMENTATION
README.txt	2141	9b966771b3cdb6fe6128cadece40a52ec00935de8ce95243f092b749d2b4a2ff	ROOT_DOCUMENTATION
README_JA.md	8613	0d419ef2e3b1fd3233c134d2678766aef7afdc7ef7016e85f57b7d8d1fae0cd4	ROOT_DOCUMENTATION
RELEASE_CHECKLIST.md	1346	29e373b1f8f1b2cb59af7b700d46a9f30ba9df5a1bc47e17a2c125d599155895	ROOT_DOCUMENTATION
RELEASE_NOTES_v1.6.0.md	1449	70a78b3b8e36c233816272540c4d456b601b1556d70da99f98bb955fe4d8255a	ROOT_DOCUMENTATION
RELEASE_NOTES_v1.6.1.md	958	e4acf19f8fa240f599b7c40cec9aea55c97d75e09510b983b923980e760a700b	ROOT_DOCUMENTATION
RELEASE_NOTES_v1.7.0.md	2663	5df62d03e23ab530a96609901612a627f5aeb4a7396e32324f8967d423f2163c	ROOT_DOCUMENTATION
RELEASE_NOTES_v1.7.1.md	1585	0b6f6c4f7e4390704f7893a2fc5a52195897daa98e74176da428e2ff9b7ebdec	ROOT_DOCUMENTATION
RELEASE_NOTES_v1.7.2.md	1752	fa451f4c684d2d163973fbeb3af9f70e933879118029c225142c8f37804eae51	ROOT_DOCUMENTATION
RELEASE_STATUS.md	2095	a355f10d6a11de9470b9265b4b50c4c94cad05d864173d4fd730c4b430014945	ROOT_DOCUMENTATION
REPOSITORY_CONTENT_POLICY.md	2148	adb38129f2aae47059860a06bb8fab4092e9fb1b08936845ab04f9f316347a50	ROOT_DOCUMENTATION
REPRODUCIBILITY.md	5623	977916503ba1fa5a5d3e2e4fe7734e53b6cb77882e51879d5d801a254a26cfec	ROOT_DOCUMENTATION
REPRODUCTION/cmb_fixed_seed_bootstrap/ENVIRONMENT.md	133	617a3570a7921376e990c3e64277c7fdd4a402250b496e0c1bd3396fb71cecff	REPRODUCTION
REPRODUCTION/cmb_fixed_seed_bootstrap/EXPECTED_OUTPUT.tsv	380	c643bfd01c96992a8907bc4af3567963c5406591e71e54522bd150bfa9b82b78	REPRODUCTION
REPRODUCTION/cmb_fixed_seed_bootstrap/HISTORY_SOURCE_REGISTER.tsv	599	92e7bfd1b077e959de104ee301bfe8f8e4b394171ef18fdf514b3849f4f71fa1	REPRODUCTION
REPRODUCTION/cmb_fixed_seed_bootstrap/INPUT_MANIFEST.tsv	252	83c252e962b5c272bea2eb46c3ca1e774c5774b644ab0877a01b35ce474036c9	REPRODUCTION
REPRODUCTION/cmb_fixed_seed_bootstrap/README.md	1103	3760bdc8974871dc67b36b36f8ad130eec4a3e141102e614324652d6f0b4dfbd	REPRODUCTION
REPRODUCTION/cmb_fixed_seed_bootstrap/REPLAY_ACCEPTANCE_RESULTS.tsv	314	21dfcaef7170db592b5d3545cb83f3cfedee1dd8d9a5f692b03e698b1743a2c6	REPRODUCTION
REPRODUCTION/cmb_fixed_seed_bootstrap/RUN_COMMAND.txt	165	694920ed599e3631167f58d5474f7f95259436ee2bc10ea40c3a5c64d1775778	REPRODUCTION
REPRODUCTION/cmb_fixed_seed_bootstrap/fresh_replay_records/E001_CLASSIFICATION.txt	71	41b5d7421cfcda1908e2c636ee2abb2a0b2910bb9980578066e3cbe57c0fe603	REPRODUCTION
REPRODUCTION/cmb_fixed_seed_bootstrap/fresh_replay_records/E001_CLEAN_REPLAY_RUN_LOG.txt	123	fcb492ec152d2696667cd2e8b0d57177c5d0554f5c2b6adff194d62bc85b4582	REPRODUCTION
REPRODUCTION/cmb_fixed_seed_bootstrap/fresh_replay_records/E001_ENVIRONMENT.json	196	e7f0f8029cdd5638de40e5d14b86c6e27fb1d851c936dad35090761b5a7c3089	REPRODUCTION
REPRODUCTION/cmb_fixed_seed_bootstrap/fresh_replay_records/E001_FRESH_VERIFY.txt	17	23bb16baeef3c4d0852c2e228ad1efbd9aec9fdf18b276896418bd6ecbda64fb	REPRODUCTION
REPRODUCTION/cmb_fixed_seed_bootstrap/fresh_replay_records/E001_SHA256SUMS.txt	660	c811b8a08c889cba4fd29f39982e46302564c5b3c0d7d1e93adc91f58242082e	REPRODUCTION
REPRODUCTION/cmb_fixed_seed_bootstrap/inputs/FROZEN_GAUSSIAN_MOMENTS.tsv	540	4bb865ad28fb63a3d9c9ea1f80699c900a2fa51d7e92af0da0f08b54e16e3224	REPRODUCTION
REPRODUCTION/cmb_fixed_seed_bootstrap/requirements.txt	41	65b97f7db87e4cdcb0f4157240cfece5b48363b3e6a18fdccf72d6528ebcbf85	REPRODUCTION
REPRODUCTION/cmb_fixed_seed_bootstrap/run_analysis.py	5759	765fa2c96076614d23e42ac7ba241c2baf51958bbbb98dbc10c64fbd5e53feeb	REPRODUCTION
REPRODUCTION/cmb_fixed_seed_bootstrap/verified_replay_outputs/02_PROFILED_AMPLITUDE_MODELS.tsv	610	5ecd3e70b420796d6028462583b57a66c10f26ea01187b8b46e66054c0d92432	REPRODUCTION
REPRODUCTION/cmb_fixed_seed_bootstrap/verified_replay_outputs/03_MODEL_AMPLITUDES.tsv	707	9a951f6d56e8ef8cd26a034d07cdf8b8e819aab571871f98b76d0db7c6997d55	REPRODUCTION
REPRODUCTION/cmb_fixed_seed_bootstrap/verified_replay_outputs/04_NESTED_MODEL_TESTS.tsv	659	b85cefe053c0437214a3ee1fa4080774a7f88d012ebd415b99ad954e7d4804f4	REPRODUCTION
REPRODUCTION/cmb_fixed_seed_bootstrap/verified_replay_outputs/05_PROFILED_DIRECTION_STABILITY.tsv	252	be0601486fb423fe6d81597223c3b31632b0603ead97b0ddfbbcf9f382162661	REPRODUCTION
REPRODUCTION/cmb_fixed_seed_bootstrap/verified_replay_outputs/06_MACHINE_READABLE_RESULTS.json	1577	5d90104d611df92f49c69c33179e7dc27b6659f8cbd9fae9c2975d9131154861	REPRODUCTION
REPRODUCTION/cmb_fixed_seed_bootstrap/verify_output.py	965	cc655643d2692dca493c8573655b0cf0d677fabd26e2a67b6fc04316b7a3b3ee	REPRODUCTION
REPRODUCTION/desi_bao_gaussian_fit/ENVIRONMENT.md	556	39341f21d98fb1a92b52e0f75f20ca9862b58b370fb8a33c70c6961d1190283a	REPRODUCTION
REPRODUCTION/desi_bao_gaussian_fit/EXPECTED_OUTPUT.json	225	10c999999a81cc08e051f6548a28288b2cb08aa7d42cb4d0346a211006ad4f23	REPRODUCTION
REPRODUCTION/desi_bao_gaussian_fit/INPUT_MANIFEST.tsv	701	98ecca2ada3c49d98a36592234a88d93e1dfb274d81057566466cc63060bd6e2	REPRODUCTION
REPRODUCTION/desi_bao_gaussian_fit/README.md	1372	c9998a62b9660752786afe3cedbb05d6205a623f2dbae393057a24c9ad567ebd	REPRODUCTION
REPRODUCTION/desi_bao_gaussian_fit/RUN_COMMAND.txt	213	b87bd1456e3fe154ba63abba1c93493b37c9a8f916254fe33fae32583b2eec9c	REPRODUCTION
REPRODUCTION/desi_bao_gaussian_fit/requirements.txt	23	de1e6a74630e14d22a31b98c3ba7a8c5e20fc820e1db901d49882370a40fc132	REPRODUCTION
REPRODUCTION/desi_bao_gaussian_fit/run_fit.py	1945	c2b84aeafad4a024d987169303c397e348e6926a8f1dd3a5db5533cf2c4151ba	REPRODUCTION
REPRODUCTION/desi_bao_gaussian_fit/verify_expected_output.py	618	67ad244b7bf897615f0f6ab87e480857daccb695f04ec3fd1be2a575c6456c28	REPRODUCTION
REPRODUCTION/desi_bao_gaussian_fit/verify_inputs.py	638	50c13407a1f8cc2c77d753f6979d3ddb4c0d719f4639764965c4b311305a5292	REPRODUCTION
REPRODUCTION/posterior_attribution/ENVIRONMENT.md	133	617a3570a7921376e990c3e64277c7fdd4a402250b496e0c1bd3396fb71cecff	REPRODUCTION
REPRODUCTION/posterior_attribution/EXPECTED_OUTPUT.tsv	1732	13011aa2d54d341a0c5e9f16b2671a0a0733be27625a604187977eece490e368	REPRODUCTION
REPRODUCTION/posterior_attribution/HISTORICAL_EXACT_RESULT_ARCHIVES.tsv	2731	9424a47c2d6030fb230b0c183699043a265bf7628f813c808c3846aef06b3a35	REPRODUCTION
REPRODUCTION/posterior_attribution/HISTORY_SOURCE_REGISTER.tsv	38336	d84daf619d7d53ef175d68d7ec4ff0ba2a0776dc22957e92cfd4d6b63393567b	REPRODUCTION
REPRODUCTION/posterior_attribution/HTS67_HISTORICAL_VS_FRESH_COMPARISON.tsv	2404	992ac53bf9247159a003515305ccf3a3d0df3408a6ff362e42f6df8d94b64d4d	REPRODUCTION
REPRODUCTION/posterior_attribution/HTS67_PATH_DEPENDENT_SEMANTIC_CHECK.tsv	852	17f4562800b93e1d69c0a28384459e910a83876404a4a7859dcd094b514e1085	REPRODUCTION
REPRODUCTION/posterior_attribution/INPUT_MANIFEST.tsv	668	39b3ef42c96f49e4defa90fdfd90a469fe63a5ef84bd6319d67586af959cb836	REPRODUCTION
REPRODUCTION/posterior_attribution/PHASE1_BASELINE_MANIFEST.tsv	3743	6fd4a1982dc59b3caceebe44ae29055031047eec1fda49452cd81a8a6a1bdf7d	REPRODUCTION
REPRODUCTION/posterior_attribution/PHASE2C_HTS67_COMPARISON_RUN_COMMAND.txt	382	d7d23eec503d2342e244336f9939deec1c848f596c965f013fbe222070875745	REPRODUCTION
REPRODUCTION/posterior_attribution/PORTABLE_EXACT_ARCHIVE_MAPPING.tsv	2770	66147a2c3eff50d707eccabd57b7527ba10c2b25084a8902b54cf086a59ad63d	REPRODUCTION
REPRODUCTION/posterior_attribution/README.md	4640	c86514efc1cecab19ccdfa30a1212751ac6d56ae3a8597c03702426e5f1a62fe	REPRODUCTION
REPRODUCTION/posterior_attribution/RUN_COMMAND.txt	103	b3642243424e5277c82efff4f70cdd2fe173262bb2cad02a9b0d537832c605af	REPRODUCTION
REPRODUCTION/posterior_attribution/SELECTED_CHAIN_MANIFEST.tsv	17166	aac465ba8438c2a76e89100ec2deee97c0715ddbbade5df0ca8e3edd6449de45	REPRODUCTION
REPRODUCTION/posterior_attribution/THIRD_PARTY_NOTICES.md	282	cf35980de12f9768ab3fa7fde3975f5525a4211045d2f3e7fa75b86f18d4efd3	REPRODUCTION
REPRODUCTION/posterior_attribution/compare_substantive_outputs.py	6152	a64b6f8f1be69937edf2c642d98a0c24c7cc12ff245b26811346d01501ebdad1	REPRODUCTION
REPRODUCTION/posterior_attribution/fetch_selected_chains.py	5236	27ceb5e6237afc63918832a7cb01fcfe095dec656888e04e2ef7cc225c6edcc3	REPRODUCTION
REPRODUCTION/posterior_attribution/fresh_replay_records/E002_CLASSIFICATION.txt	482	8acaca5baedd4964037ca5727b815ddbc48efa7e7d5fed1c7cf9e21eef9fc61c	REPRODUCTION
REPRODUCTION/posterior_attribution/fresh_replay_records/E002_CLEAN_REPLAY_RUN_LOG.txt	9624	25c00b53103660170846e55e9e1c295f8cdfe92c8948f9dbf12d4702052e16ef	REPRODUCTION
REPRODUCTION/posterior_attribution/fresh_replay_records/E002_ENVIRONMENT.json	668	9f0ddf235733b7b951627de9f0587849b69af01c1b39bd7aa3f27a056f0f9d36	REPRODUCTION
REPRODUCTION/posterior_attribution/fresh_replay_records/E002_FRESH_OUTPUT_COMPARISON.tsv	1963	ca8b717471683aa722e5f358f0b4d9b0f9a561c39052054e4aad63d0abba8d31	REPRODUCTION
REPRODUCTION/posterior_attribution/fresh_replay_records/E002_FRESH_STAGE_COMPARISON.tsv	6803	6c9c4ed89054547f337abc0de1363d5b2dc7057042e282f97ee0548aa8c52a2d	REPRODUCTION
REPRODUCTION/posterior_attribution/fresh_replay_records/E002_INPUT_VERIFICATION.tsv	13381	e6c3bfcfceb604455329a3bc6de098b6bc661130023ccf015eb929d64492b68e	REPRODUCTION
REPRODUCTION/posterior_attribution/fresh_replay_records/E002_SHA256SUMS.txt	33227	eba4e0eb2f7b83f30136b46cbf815e122e1df18fba5eb7d695a35eebe260efb9	REPRODUCTION
REPRODUCTION/posterior_attribution/fresh_replay_records/E002_STAGE_CLASSIFICATION_VERIFICATION.tsv	1395	abe1eb4cf457ce925e84624ab2c0edc2d8a4e64e7573472458f80b912e1d8131	REPRODUCTION
REPRODUCTION/posterior_attribution/fresh_replay_records/E002_STAGE_STATUS.tsv	359	822e0528e5c2aad111f1ab3a78516a5d4b42ad1bef9f735b5cd4c0e3f8f79dd1	REPRODUCTION
REPRODUCTION/posterior_attribution/generate_hts67_phase2c_comparison.py	5760	b22159c306b56c011c8b008f7c51e904e5c8d9528e6faad0f9e0a6799d974fab	REPRODUCTION
REPRODUCTION/posterior_attribution/historical_earlier_replay/EARLIER_REPLAY_PROVENANCE.tsv	492	f7f7bd5529303c1c5eeeb9d5c85e5823f20e331f105d846efa6a25d101f22c3d	REPRODUCTION
REPRODUCTION/posterior_attribution/historical_earlier_replay/HTS67_HISTORICAL_VS_EARLIER_FRESH_COMPARISON.tsv	2522	29f2c9f5443557692b1283e9bf04f9013c7fca293326451ce384060a1dd54738	REPRODUCTION
REPRODUCTION/posterior_attribution/historical_earlier_replay/README.md	698	8c8cde2df299c9ac11958824ab73b5799a8a09797096ac28fd9bc578667752d5	REPRODUCTION
REPRODUCTION/posterior_attribution/historical_exact_results/HTS59_RESULTS_FOR_REVIEW.zip	47982	1557c7f4ec5a08f1714d008f67c46a014d9c8773a444c76bdceaaee60bf129fd	REPRODUCTION
REPRODUCTION/posterior_attribution/historical_exact_results/HTS60_RESULTS_FOR_REVIEW.zip	51464	5077137b284feffaf81fa2afc0f71bd4a84c1dfa705906d8f384e3f6cce9e847	REPRODUCTION
REPRODUCTION/posterior_attribution/historical_exact_results/HTS61_RESULTS_FOR_REVIEW.zip	50051	a3cee388510a17bcd218b9485759760ed579f1c5d9c8c02f572b2fc44c38b0e3	REPRODUCTION
REPRODUCTION/posterior_attribution/historical_exact_results/HTS62_RESULTS_FOR_REVIEW.zip	42729	f51b60503ae20361c9fbcdff4d50b2bac74266b0a270545cb71fe60b582c7a18	REPRODUCTION
REPRODUCTION/posterior_attribution/historical_exact_results/HTS63_RESULTS_FOR_REVIEW.zip	65646	6edf04ec0af66629015f08964986b508864e3430cb27ff99e078db83086a4456	REPRODUCTION
REPRODUCTION/posterior_attribution/historical_exact_results/HTS64_RESULTS_FOR_REVIEW.zip	221843	0f00f14c0a122fcb4f6dd3d522f4d01de199d279acbd0c3b8c99ebef27a35b3d	REPRODUCTION
REPRODUCTION/posterior_attribution/historical_exact_results/HTS65_RESULTS_FOR_REVIEW.zip	123951	0cd4714c250806eb2153900a5e42510655c715eb150b713e76338bc08cb326ab	REPRODUCTION
REPRODUCTION/posterior_attribution/historical_exact_results/HTS66_CORR_RESULTS_FOR_REVIEW.zip	20753	92556d7b755f4c7ff2bab1f4ab8cc568a384720cf860164c66810544cf89f54a	REPRODUCTION
REPRODUCTION/posterior_attribution/historical_substantive_reference/hts67/HISTORICAL_REFERENCE_MANIFEST.tsv	2920	8216f3fed51112d0d55e6fd054fff375ff9206ab4f155565c1c9fb545ad6b86c	REPRODUCTION
REPRODUCTION/posterior_attribution/historical_substantive_reference/hts67/HTS67_BURNIN_SENSITIVITY.tsv	3251	cb68bc1b210cf2febf0a501c2981bfbc27452617d938a4838ac929c868c45a1a	REPRODUCTION
REPRODUCTION/posterior_attribution/historical_substantive_reference/hts67/HTS67_CLASSIFICATION.tsv	1913	8d4c8ff4002d3dd9e40f61bf1c4e34020f4ceb5a43d12b556a656713e0456625	REPRODUCTION
REPRODUCTION/posterior_attribution/historical_substantive_reference/hts67/HTS67_DIRECTED_BASELINE_COMPARISON.tsv	7912	bbde8cb893f9ab0891a574e5ac6d10c18307e0e72ba32510bae8757bb9029ef9	REPRODUCTION
REPRODUCTION/posterior_attribution/historical_substantive_reference/hts67/HTS67_ENDPOINT_6D_SUMMARY.tsv	3769	abf1612bd842037a9a9655ca1743b761d198619440e68246a3106b5615d0c207	REPRODUCTION
REPRODUCTION/posterior_attribution/historical_substantive_reference/hts67/HTS67_INDEPENDENT_AUDIT_CHECKS.tsv	787	0141763190dbd058b32d4d0166b7acdcf1d4c5f9e004df5b68d4c1364242e3ff	REPRODUCTION
REPRODUCTION/posterior_attribution/historical_substantive_reference/hts67/HTS67_LOO_STABILITY.tsv	96034	0242e200c8aefe146b21d663533a315585a7ea72d1a5ef2f018053f8decc79c2	REPRODUCTION
REPRODUCTION/posterior_attribution/historical_substantive_reference/hts67/HTS67_SYMMETRIC_METRIC_RESULTS.tsv	25383	f7137158cbc97d8c01ec3462ef7fb3a57aca75cb19921b965fb72847b2b69b41	REPRODUCTION
REPRODUCTION/posterior_attribution/historical_substantive_reference/hts67/HTS67_SYMMETRIC_POOLING_SENSITIVITY.tsv	2627	3c7e6bfc17dee1a33a6a3dee60cb287eabff7aa9a10f5fb8c7e5dc4fb135dfa0	REPRODUCTION
REPRODUCTION/posterior_attribution/historical_substantive_reference/hts67/README.md	446	51f5f1af9f84440c309f8f07849b3d96bfdc8c1690b7506def2b216cfcfb74d5	REPRODUCTION
REPRODUCTION/posterior_attribution/official_fetch_records/OFFICIAL_ARCHIVE_METADATA_INTERPRETATION.md	1429	0c4b8485dffafde2df17fc14f820a4c5953d7eb363ec3446a49ec9f804a70b0f	REPRODUCTION
REPRODUCTION/posterior_attribution/official_fetch_records/OFFICIAL_ARCHIVE_VERIFICATION.tsv	1013	8df0b5f3212fd51ce8959b373e8b91e72e18e9743428ac6b1dd611cc73022035	REPRODUCTION
REPRODUCTION/posterior_attribution/official_fetch_records/OFFICIAL_FETCH_EMPTY_CACHE_RUN_LOG.txt	838	73b6de5c383631ceed6867fbfc94878e58e6f1824869ade024730c9930a701e3	REPRODUCTION
REPRODUCTION/posterior_attribution/official_fetch_records/OFFICIAL_FETCH_ENVIRONMENT.json	539	b0a18257a0e2385610d0ecaf30439bd3efa411e5ed68375f2d1cb9ffa1a328e6	REPRODUCTION
REPRODUCTION/posterior_attribution/official_fetch_records/OFFICIAL_FETCH_RESULT.txt	579	e65c305c09a54ee161dfc33fcafe1de60851ebd4b2061f999c5d80bd24da53ca	REPRODUCTION
REPRODUCTION/posterior_attribution/official_fetch_records/OFFICIAL_FETCH_SHA256SUMS.txt	503	019c20650275a144cf28183739bac7cd00317ae804114fd63f7ce18fc77021d9	REPRODUCTION
REPRODUCTION/posterior_attribution/official_fetch_records/OFFICIAL_SELECTED_MEMBER_VERIFICATION.tsv	862	7199ae618e58bc7961389e763f2ce5e3ae4ab782ca1a4fd96d64a81199c5b33f	REPRODUCTION
REPRODUCTION/posterior_attribution/official_fetch_records/OFFICIAL_SELECTED_MEMBER_VERIFICATION_SUMMARY.tsv	862	7199ae618e58bc7961389e763f2ce5e3ae4ab782ca1a4fd96d64a81199c5b33f	REPRODUCTION
REPRODUCTION/posterior_attribution/official_fetch_records/PHASE2D_CHANGED_FILES_CORRECTED.tsv	7512	a0522da59b8d6669fda30cd82b0253d2007832c029c942a26ea4c9a81f242551	REPRODUCTION
REPRODUCTION/posterior_attribution/official_fetch_records/historical_dns_blocked_attempt/OFFICIAL_ARCHIVE_VERIFICATION.tsv	551	9cda081e851bd045edf1513c5c486722b638bbbba241547f61881d2008f1aaf0	REPRODUCTION
REPRODUCTION/posterior_attribution/official_fetch_records/historical_dns_blocked_attempt/OFFICIAL_FETCH_EMPTY_CACHE_RUN_LOG.txt	6661	c9c6ca471910348a27bad3bb503b78e41fda38fa0f31f7b23991215269a466f2	REPRODUCTION
REPRODUCTION/posterior_attribution/official_fetch_records/historical_dns_blocked_attempt/OFFICIAL_FETCH_ENVIRONMENT.json	330	e4bb2e14ca016d69fa1ce23dfad950e0fc83b6cc8dce6a1ffe2f2b067cffe9fc	REPRODUCTION
REPRODUCTION/posterior_attribution/official_fetch_records/historical_dns_blocked_attempt/OFFICIAL_FETCH_RESULT.txt	117	186e01f4777934131ff8fbe989219dfa2f32e1d73f4e084d0098ca158f033f83	REPRODUCTION
REPRODUCTION/posterior_attribution/official_fetch_records/historical_dns_blocked_attempt/OFFICIAL_FETCH_SHA256SUMS.txt	503	019c20650275a144cf28183739bac7cd00317ae804114fd63f7ce18fc77021d9	REPRODUCTION
REPRODUCTION/posterior_attribution/official_fetch_records/historical_dns_blocked_attempt/OFFICIAL_SELECTED_MEMBER_VERIFICATION.tsv	9489	fdb098bc7915c8992e795bafd8d15a172e53b8d5d01ac4f5f9a2be458ddfd55a	REPRODUCTION
REPRODUCTION/posterior_attribution/official_fetch_records/historical_failed_attempt_phase2b/PHASE2B_INGESTION_REGISTER.tsv	6534	d9b4ede29a92d156a018c385d0bbff6d8fbdc2afda24767d4bea5d69628118a6	REPRODUCTION
REPRODUCTION/posterior_attribution/official_fetch_records/historical_failed_attempt_phase2b/evidence/E002_INPUT_VERIFICATION.tsv	13381	e6c3bfcfceb604455329a3bc6de098b6bc661130023ccf015eb929d64492b68e	REPRODUCTION
REPRODUCTION/posterior_attribution/official_fetch_records/historical_failed_attempt_phase2b/evidence/E002_STAGE_CLASSIFICATION_VERIFICATION.tsv	1395	abe1eb4cf457ce925e84624ab2c0edc2d8a4e64e7573472458f80b912e1d8131	REPRODUCTION
REPRODUCTION/posterior_attribution/official_fetch_records/historical_failed_attempt_phase2b/evidence/E002_STAGE_STATUS.tsv	359	822e0528e5c2aad111f1ab3a78516a5d4b42ad1bef9f735b5cd4c0e3f8f79dd1	REPRODUCTION
REPRODUCTION/posterior_attribution/official_fetch_records/historical_failed_attempt_phase2b/evidence/HTS67_HISTORICAL_VS_FRESH_COMPARISON.tsv	2522	29f2c9f5443557692b1283e9bf04f9013c7fca293326451ce384060a1dd54738	REPRODUCTION
REPRODUCTION/posterior_attribution/official_fetch_records/historical_failed_attempt_phase2b/evidence/OFFICIAL_ARCHIVE_ACQUISITION.tsv	879	ec595c0cef21438c97be92e57b93e7b97a0919c0ea35a49a96198dd2a91a411b	REPRODUCTION
REPRODUCTION/posterior_attribution/official_fetch_records/historical_failed_attempt_phase2b/evidence/OFFICIAL_HTTP_HEADERS/FIXED_RANGE_0_0_HEADERS.txt	446	a63f59bb4cff743c7b5ceb27f1301fd7da6df4986eded752c1a92327a3d1427a	REPRODUCTION
REPRODUCTION/posterior_attribution/official_fetch_records/historical_failed_attempt_phase2b/evidence/OFFICIAL_HTTP_HEADERS/ORIGINAL_RANGE_0_0_HEADERS.txt	454	f62a7b582dacecb1c79fbb649775f93b6f2d15b81a6f2a730329a5fe894e1d5a	REPRODUCTION
REPRODUCTION/posterior_attribution/official_fetch_records/historical_failed_attempt_phase2b/evidence/OFFICIAL_SELECTED_MEMBER_VERIFICATION.tsv	11667	eb7fadce8184cc52af05a82868360d6b23824979b72e1f2795bfd16a74069b09	REPRODUCTION
REPRODUCTION/posterior_attribution/official_fetch_records/historical_failed_attempt_phase2b/evidence/PHASE2B_ENVIRONMENT.json	364	65b9e2a35c50ad13e90a9a941c71f393c37cf39aebe5dd5246189ec3b4193ca5	REPRODUCTION
REPRODUCTION/posterior_attribution/official_fetch_records/historical_failed_attempt_phase2b/evidence/PHASE2B_EVIDENCE_SHA256SUMS.txt	2864	98ee0a9ba4e6775183c3604e89a73462596baa39b15f9f30e87023f9066f9b6a	REPRODUCTION
REPRODUCTION/posterior_attribution/official_fetch_records/historical_failed_attempt_phase2b/evidence/PHASE2B_FAILURE_SUMMARY.txt	3721	58136887ec6f7eff2f0caa249fdd4b70b050aadce17dd0cad4c18986660139ab	REPRODUCTION
REPRODUCTION/posterior_attribution/official_fetch_records/historical_failed_attempt_phase2b/evidence/PHASE2B_NETWORK_PREFLIGHT.tsv	966	e83e856ead3e9be8e847db884868d5388077d615bf9f028b2ce91ffa3fbc061b	REPRODUCTION
REPRODUCTION/posterior_attribution/official_fetch_records/historical_failed_attempt_phase2b/evidence/PHASE2B_NETWORK_PROBE.json	1856	ed1635f82c86f50de4e89fffb6fcef5394ffb2cc2f94534bd9d165c9766c16c3	REPRODUCTION
REPRODUCTION/posterior_attribution/official_fetch_records/historical_failed_attempt_phase2b/evidence/PHASE2B_RESULT.txt	132	6942ddee33e5b94c42f4df2962c4ddcf0c242ff18df89cd7bcd14fce1b282369	REPRODUCTION
REPRODUCTION/posterior_attribution/official_fetch_records/historical_failed_attempt_phase2b/evidence/PHASE2B_STARTING_TREE.tsv	529	7daf908e12c1052c0640eb8bd80e5384a72243ad34bba45b0d103f297c3d93df	REPRODUCTION
REPRODUCTION/posterior_attribution/official_fetch_records/historical_failed_attempt_phase2b/logs/PHASE2B_BUNDLE_AND_CHECKPOINT_VERIFY.txt	188	e214de62bbeae1f0b2b423a5588b09771be9e3ddc7b545a75a47ffc84825027f	REPRODUCTION
REPRODUCTION/posterior_attribution/official_fetch_records/historical_failed_attempt_phase2b/logs/PHASE2B_EXIT_CODE.txt	2	4355a46b19d348dc2f57c046f8ef63d4538ebb936000f3c9ee954a27460dd865	REPRODUCTION
REPRODUCTION/posterior_attribution/official_fetch_records/historical_failed_attempt_phase2b/logs/PHASE2B_RUN_STDERR.txt	1511	ace217eec8767de0c3c0d203ef991bbefa66d7852e05fd1e271ca5e9b2e1d178	REPRODUCTION
REPRODUCTION/posterior_attribution/official_fetch_records/historical_failed_attempt_phase2b/logs/PHASE2B_RUN_STDOUT.txt	13121	8d7ea923d10860102e6fb4eb707ccb18573aa714a2d123a7288aa43435298865	REPRODUCTION
REPRODUCTION/posterior_attribution/official_fetch_records/historical_failed_attempt_phase2b/submission/PHASE2B_EVIDENCE_MANIFEST.tsv	3082	9398647dc421fe65d3de4361f5c80f154f0a93a82cb83151ed09f5ce7a31fd80	REPRODUCTION
REPRODUCTION/posterior_attribution/official_fetch_records/historical_failed_attempt_phase2b/submission/PHASE2B_EVIDENCE_MANIFEST.tsv.sha256	96	7d12cb3b0b461ad942524b54a6a4dd238dd68b105ea279344f4b5e27fdf3d87e	REPRODUCTION
REPRODUCTION/posterior_attribution/official_fetch_records/historical_failed_attempt_phase2b/submission/PHASE2B_FAILURE_SUMMARY.txt	3721	58136887ec6f7eff2f0caa249fdd4b70b050aadce17dd0cad4c18986660139ab	REPRODUCTION
REPRODUCTION/posterior_attribution/official_fetch_records/historical_failed_attempt_phase2b/submission/PHASE2B_NETWORK_PREFLIGHT.tsv	966	e83e856ead3e9be8e847db884868d5388077d615bf9f028b2ce91ffa3fbc061b	REPRODUCTION
REPRODUCTION/posterior_attribution/official_fetch_records/historical_failed_attempt_phase2b/submission/PHASE2B_OFFICIAL_EMPTY_CACHE_FETCH_REPORT.md	4141	756fa4939c11cb6e6063767b3d698cf7e498fae6018278bc4e21409cb4ee686b	REPRODUCTION
REPRODUCTION/posterior_attribution/official_fetch_records/phase2c_network_execution/OFFICIAL_ARCHIVE_ACQUISITION_RAW.tsv	879	ec595c0cef21438c97be92e57b93e7b97a0919c0ea35a49a96198dd2a91a411b	REPRODUCTION
REPRODUCTION/posterior_attribution/official_fetch_records/phase2c_network_execution/PHASE2C_EVIDENCE_MANIFEST.tsv	3854	5bf0d7ee009d8eb128a569e82de19562def1e1f2606137e9a6e27b4624959609	REPRODUCTION
REPRODUCTION/posterior_attribution/official_fetch_records/phase2c_network_execution/PHASE2C_EVIDENCE_MANIFEST.tsv.sha256	96	66bfeecc72a33f4f942777e778c4606821c49f5a427e54ab6439de901ba6f79a	REPRODUCTION
REPRODUCTION/posterior_attribution/official_fetch_records/phase2c_network_execution/PHASE2C_INGESTION_REGISTER.tsv	7314	9031a9affc555c556bfc5a14dda5a3eeeb9f3f82de136a52fdb27255cf3c1b77	REPRODUCTION
REPRODUCTION/posterior_attribution/official_fetch_records/phase2c_network_execution/PHASE2C_NETWORK_PREFLIGHT.tsv	966	a71fc5be70e066f3210082d7d8b5716e6c7d968f01373acc42d0bbefcd99e618	REPRODUCTION
REPRODUCTION/posterior_attribution/official_fetch_records/phase2c_network_execution/PHASE2C_OFFICIAL_EMPTY_CACHE_FETCH_REPORT.md	4013	f9eb2add53e4005c5d5bb7846910cef2010f5dbb5da8a81be44e0331724fe4e7	REPRODUCTION
REPRODUCTION/posterior_attribution/official_fetch_records/phase2c_network_execution/evidence/E002_CLASSIFICATION.txt	98	5a51eaccfe217001635e1359e1e23b26fb47b32c63ca1b06960b16db02cd6cc2	REPRODUCTION
REPRODUCTION/posterior_attribution/official_fetch_records/phase2c_network_execution/evidence/E002_ENVIRONMENT.json	258	317a4a3cbf50d755c9605533da1e7eeb685c5658158504427d934f5ea9732b0e	REPRODUCTION
REPRODUCTION/posterior_attribution/official_fetch_records/phase2c_network_execution/evidence/E002_FRESH_OUTPUT_COMPARISON.tsv	1963	ca8b717471683aa722e5f358f0b4d9b0f9a561c39052054e4aad63d0abba8d31	REPRODUCTION
REPRODUCTION/posterior_attribution/official_fetch_records/phase2c_network_execution/evidence/E002_FRESH_STAGE_COMPARISON.tsv	6803	6c9c4ed89054547f337abc0de1363d5b2dc7057042e282f97ee0548aa8c52a2d	REPRODUCTION
REPRODUCTION/posterior_attribution/official_fetch_records/phase2c_network_execution/evidence/E002_INPUT_VERIFICATION.tsv	13381	e6c3bfcfceb604455329a3bc6de098b6bc661130023ccf015eb929d64492b68e	REPRODUCTION
REPRODUCTION/posterior_attribution/official_fetch_records/phase2c_network_execution/evidence/E002_SHA256SUMS.txt	33227	eba4e0eb2f7b83f30136b46cbf815e122e1df18fba5eb7d695a35eebe260efb9	REPRODUCTION
REPRODUCTION/posterior_attribution/official_fetch_records/phase2c_network_execution/evidence/E002_STAGE_CLASSIFICATION_VERIFICATION.tsv	1395	abe1eb4cf457ce925e84624ab2c0edc2d8a4e64e7573472458f80b912e1d8131	REPRODUCTION
REPRODUCTION/posterior_attribution/official_fetch_records/phase2c_network_execution/evidence/E002_STAGE_STATUS.tsv	359	822e0528e5c2aad111f1ab3a78516a5d4b42ad1bef9f735b5cd4c0e3f8f79dd1	REPRODUCTION
REPRODUCTION/posterior_attribution/official_fetch_records/phase2c_network_execution/evidence/HTS67_HISTORICAL_VS_FRESH_COMPARISON.tsv	2522	29f2c9f5443557692b1283e9bf04f9013c7fca293326451ce384060a1dd54738	REPRODUCTION
REPRODUCTION/posterior_attribution/official_fetch_records/phase2c_network_execution/evidence/OFFICIAL_ARCHIVE_ACQUISITION.tsv	879	ec595c0cef21438c97be92e57b93e7b97a0919c0ea35a49a96198dd2a91a411b	REPRODUCTION
REPRODUCTION/posterior_attribution/official_fetch_records/phase2c_network_execution/evidence/OFFICIAL_HTTP_HEADERS/FIXED_RANGE_0_0_HEADERS.txt	446	10066f1e234d5dc12247b9f2e4921809a3784e5548ee2beb091f198ecd05e34c	REPRODUCTION
REPRODUCTION/posterior_attribution/official_fetch_records/phase2c_network_execution/evidence/OFFICIAL_HTTP_HEADERS/ORIGINAL_RANGE_0_0_HEADERS.txt	454	05e0cd64d6d55108998d3e4d9949cf083f0f0ac992c3c162c098cd6070e3e297	REPRODUCTION
REPRODUCTION/posterior_attribution/official_fetch_records/phase2c_network_execution/evidence/OFFICIAL_SELECTED_MEMBER_VERIFICATION.tsv	11667	eb7fadce8184cc52af05a82868360d6b23824979b72e1f2795bfd16a74069b09	REPRODUCTION
REPRODUCTION/posterior_attribution/official_fetch_records/phase2c_network_execution/evidence/PHASE2C_ENVIRONMENT.json	364	bd933dfc32f72ae6c0d689659137ce506c5f66297798092cb10c2a01243f7fda	REPRODUCTION
REPRODUCTION/posterior_attribution/official_fetch_records/phase2c_network_execution/evidence/PHASE2C_EVIDENCE_SHA256SUMS.txt	3637	841fe3ef174ccbc899d533fff5a12d5cf2aa7d0732d88ab188cd02f3671174cb	REPRODUCTION
REPRODUCTION/posterior_attribution/official_fetch_records/phase2c_network_execution/evidence/PHASE2C_NETWORK_PREFLIGHT.tsv	966	a71fc5be70e066f3210082d7d8b5716e6c7d968f01373acc42d0bbefcd99e618	REPRODUCTION
REPRODUCTION/posterior_attribution/official_fetch_records/phase2c_network_execution/evidence/PHASE2C_NETWORK_PROBE.json	1856	ea9c5c542c6de017630555bbbee42f77fde062960e302be7979e8c48e837aa4a	REPRODUCTION
REPRODUCTION/posterior_attribution/official_fetch_records/phase2c_network_execution/evidence/PHASE2C_RESULT.txt	113	38b2647dc003c5d900c7f1375c598f410131a62ec19d2d8278e102a6e15390fd	REPRODUCTION
REPRODUCTION/posterior_attribution/official_fetch_records/phase2c_network_execution/evidence/PHASE2C_STARTING_TREE.tsv	529	1956b44daa28511709ffbfc0ad938c9490403227fa0a732b312706c03973b37c	REPRODUCTION
REPRODUCTION/posterior_attribution/official_fetch_records/phase2c_network_execution/logs/PHASE2C_BUNDLE_AND_CHECKPOINT_VERIFY.txt	369	e80d8b94daf7e58c714ab500c18d1ee68ed0c3cebe5b3613c8d9e69792546fc7	REPRODUCTION
REPRODUCTION/posterior_attribution/official_fetch_records/phase2c_network_execution/logs/PHASE2C_EXIT_CODE.txt	2	9a271f2a916b0b6ee6cecb2426f0b3206ef074578be55d9bc94f6f3fe3ab86aa	REPRODUCTION
REPRODUCTION/posterior_attribution/official_fetch_records/phase2c_network_execution/logs/PHASE2C_PHASE1_LOCAL_VERIFIER.txt	287	a99c537a8cd16018609652f8c0c6af505b7652d4ce41ec64472274c09baaa757	REPRODUCTION
REPRODUCTION/posterior_attribution/official_fetch_records/phase2c_network_execution/logs/PHASE2C_RUN_STDERR.txt	0	e3b0c44298fc1c149afbf4c8996fb92427ae41e4649b934ca495991b7852b855	REPRODUCTION
REPRODUCTION/posterior_attribution/official_fetch_records/phase2c_network_execution/logs/PHASE2C_RUN_STDOUT.txt	13629	62b1a0b62ecc02a0bf9225457f6b389a9b051fa6243b49651ec51685061c5bfa	REPRODUCTION
REPRODUCTION/posterior_attribution/official_fetch_records/phase2c_network_execution/outputs/HTS67_RESULTS_FOR_REVIEW.zip	61872	8254503a8a18d6ca3cfcc6dfb0104458982e19bd13bf89b9c81d3e8f34a31353	REPRODUCTION
REPRODUCTION/posterior_attribution/official_fetch_records/phase2c_network_execution/submission/PHASE2C_EVIDENCE_MANIFEST.tsv	3854	5bf0d7ee009d8eb128a569e82de19562def1e1f2606137e9a6e27b4624959609	REPRODUCTION
REPRODUCTION/posterior_attribution/official_fetch_records/phase2c_network_execution/submission/PHASE2C_EVIDENCE_MANIFEST.tsv.sha256	96	66bfeecc72a33f4f942777e778c4606821c49f5a427e54ab6439de901ba6f79a	REPRODUCTION
REPRODUCTION/posterior_attribution/official_fetch_records/phase2c_network_execution/submission/PHASE2C_NETWORK_PREFLIGHT.tsv	966	a71fc5be70e066f3210082d7d8b5716e6c7d968f01373acc42d0bbefcd99e618	REPRODUCTION
REPRODUCTION/posterior_attribution/official_fetch_records/phase2c_network_execution/submission/PHASE2C_OFFICIAL_EMPTY_CACHE_FETCH_REPORT.md	4013	f9eb2add53e4005c5d5bb7846910cef2010f5dbb5da8a81be44e0331724fe4e7	REPRODUCTION
REPRODUCTION/posterior_attribution/official_fetch_records/verify_official_fetch_provenance.py	1960	9b4b10dc8b4551d303bdc0b2c65ee9e7458a6b9eef20fb2843565a91f1fbbc72	REPRODUCTION
REPRODUCTION/posterior_attribution/portable_reference/hts67/HTS67_PORTABLE_REFERENCE_RESULTS.zip	61889	51902ca22f7152473eace2ee16b7c029ad513e62848d0f30ec7711c4f9d83da8	REPRODUCTION
REPRODUCTION/posterior_attribution/portable_reference/hts67/PORTABLE_REFERENCE_MANIFEST.tsv	339	3ddde21e05442e2d174f152e3be485899665b007ca6e63d5409e6c139223dff3	REPRODUCTION
REPRODUCTION/posterior_attribution/requirements.txt	41	65b97f7db87e4cdcb0f4157240cfece5b48363b3e6a18fdccf72d6528ebcbf85	REPRODUCTION
REPRODUCTION/posterior_attribution/run_all.py	6261	12d75b5e9026904a833dccbe810204f2d3c95117a6eeafa786c214fec51a9b70	REPRODUCTION
REPRODUCTION/posterior_attribution/stages/hts59/CANONICAL_STATE_THROUGH_HTS58.md	628	d812a8e2e595aff43006045091d9f5fc3eb226faf26efe6a56ce6bb785579c37	REPRODUCTION
REPRODUCTION/posterior_attribution/stages/hts59/CURRENT_SHA256SUMS.txt	1420	feeaea2909423d330a2bca329d4cbc4f3bee6ee746387be98785579ad4ddb7e9	REPRODUCTION
REPRODUCTION/posterior_attribution/stages/hts59/HISTORICAL_SHA256SUMS.txt	1234	2b16662687529c2c9748374d58704386fb968d24bedcc10fd56f2838027b5514	REPRODUCTION
REPRODUCTION/posterior_attribution/stages/hts59/HISTORY_SOURCE_REGISTER.tsv	3087	514c7433268bad16da3931a0aad75e213ab6c936b1f8b04f2abb78bed1ab1bd7	REPRODUCTION
REPRODUCTION/posterior_attribution/stages/hts59/HTS58_CANONICALIZATION_AUDIT.md	642	c580b7bdfd2a9afa1a19db8a76592153404bcd7ac6d01156604d742ea1b0bb5a	REPRODUCTION
REPRODUCTION/posterior_attribution/stages/hts59/HTS59_EXECUTION_CONTRACT.md	1517	c7da876dbdb09188785a14fc955e131dfeccc8d257a284e317db15af07ba9e3c	REPRODUCTION
REPRODUCTION/posterior_attribution/stages/hts59/HTS59_PREFLIGHT_RESULT.md	220	638b17442577182b2f5bbb51fe7e44403b11c2baeaef15cad2da7b169e24e13c	REPRODUCTION
REPRODUCTION/posterior_attribution/stages/hts59/HTS59_PREFLIGHT_TEST_AUDIT.md	538	15c55d31b8ad32f7b3080b5a54e6baf81e912f7a764bfb7d89048367985eeff0	REPRODUCTION
REPRODUCTION/posterior_attribution/stages/hts59/HTS59_SELECTION_AUDIT.md	290	9408e9b31ab70b38cf9fd81210aecee02771de7fcd16c56f4d767488ecf96304	REPRODUCTION
REPRODUCTION/posterior_attribution/stages/hts59/HTS59_SOURCE_ADEQUACY_AUDIT.md	421	8bc0bf4e22742347dd0eea86d8e70445fb618d74a7a62b0847d27a0ec2965e4e	REPRODUCTION
REPRODUCTION/posterior_attribution/stages/hts59/README_RUN.md	421	efd2121adbf1f49470583375e90126e5e3727ab094506112441ae851c5fe1e6b	REPRODUCTION
REPRODUCTION/posterior_attribution/stages/hts59/audit_hts59.py	3976	d1207075164995116c317e691a6d52047a7128386849bf06bac2d90ab99a21a8	REPRODUCTION
REPRODUCTION/posterior_attribution/stages/hts59/hts59_common.py	52617	0177ecd3ae839516c075d4c0be0ae15bcbe75b0effcb1bd9b6d0505f629ba32b	REPRODUCTION
REPRODUCTION/posterior_attribution/stages/hts59/hts59_metric.py	4864	12dfbef182552b8427d698fc7716b36506b0ab3995d4b5db0b56c03bdab566bd	REPRODUCTION
REPRODUCTION/posterior_attribution/stages/hts59/run_hts59.py	10585	558bef2b7aa2cf1a820725dabcc087a2ac87ccbcbd20ad821e0eccdc855622ed	REPRODUCTION
REPRODUCTION/posterior_attribution/stages/hts59/run_hts59.sh	1793	9f6f8d92ab42bc768cb53232e75ce807d061c1cfd870f94ba8f1908fdbe5cd6c	REPRODUCTION
REPRODUCTION/posterior_attribution/stages/hts59/selftest_hts59.py	926	964777f4a23cdb558c09ffafbc4cdef9ee5e5d105fe2de2571bd3bd686a54916	REPRODUCTION
REPRODUCTION/posterior_attribution/stages/hts60/CANONICAL_STATE_THROUGH_HTS59.md	743	1fbf1c852b4536787219c27e5eb19e7a9ab8782f065ff9b8e1035c8d048079b6	REPRODUCTION
REPRODUCTION/posterior_attribution/stages/hts60/CURRENT_SHA256SUMS.txt	1420	2d5ebf177d500164642bcbaa1a2c7242cba8dda4a6e92726af2d7ffe8cdf88eb	REPRODUCTION
REPRODUCTION/posterior_attribution/stages/hts60/HISTORICAL_SHA256SUMS.txt	1234	ee99d0103378d2b7a7826ac35f4fc5534dbb5860126af97512a00c588f9bcbeb	REPRODUCTION
REPRODUCTION/posterior_attribution/stages/hts60/HISTORY_SOURCE_REGISTER.tsv	3083	89e201add3a34b7cb027a4f5ff465f584622752f1e57b36d275162f3b5b49d1b	REPRODUCTION
REPRODUCTION/posterior_attribution/stages/hts60/HTS59_CANONICALIZATION_AUDIT.md	862	4c7c86e53fcafc6602b0a94854601da5124235121a310b18f4403921ff6c5c74	REPRODUCTION
REPRODUCTION/posterior_attribution/stages/hts60/HTS60_EXECUTION_CONTRACT.md	1729	c303270fd9bbb96a544af0e2b4891df3f7f09933f864e3c36fdc1eed46c93658	REPRODUCTION
REPRODUCTION/posterior_attribution/stages/hts60/HTS60_PREFLIGHT_RESULT.md	231	557a21830fdae47c0aaa34d71b51b93da7af1bd75e0be6ac4ac86f1e54f26825	REPRODUCTION
REPRODUCTION/posterior_attribution/stages/hts60/HTS60_PREFLIGHT_TEST_AUDIT.md	749	1af88d56b478f5dd7acac6149d04f08bfc744378e2b3d891a15434e5c3c0b1d0	REPRODUCTION
REPRODUCTION/posterior_attribution/stages/hts60/HTS60_SELECTION_AUDIT.md	292	c38e326f4fa1f4fe90a057572a57ce224422ecc82d589b96db66c4d1ef5a270d	REPRODUCTION
REPRODUCTION/posterior_attribution/stages/hts60/HTS60_SOURCE_ADEQUACY_AUDIT.md	432	9e6eacbc097da5ce6a1a4b11f56172a4c82c9f93dbe883c1b9f2aabe5e9483fa	REPRODUCTION
REPRODUCTION/posterior_attribution/stages/hts60/README_RUN.md	437	4f641dfe648705c99cd1eb5e2b59dfb4ad4e87e659b357c5eadf83a794349da8	REPRODUCTION
REPRODUCTION/posterior_attribution/stages/hts60/audit_hts60.py	4766	2447b1734aba39c81a368662c22093e08bd46365406e6631d9411f9dfe5d2dc7	REPRODUCTION
REPRODUCTION/posterior_attribution/stages/hts60/hts60_common.py	52617	5e616c963519cb69674c7d1206455165b62c1cf53666860413b599b34e76b340	REPRODUCTION
REPRODUCTION/posterior_attribution/stages/hts60/hts60_metric.py	5545	b93141a3697fbcf85c6e044cfb588355f7f486d2e9d4715ac673e815990ea0a2	REPRODUCTION
REPRODUCTION/posterior_attribution/stages/hts60/run_hts60.py	11015	ef61da4e8f01c463c0591fde410ad661115bdfcfa8f81885c423850b39435e86	REPRODUCTION
REPRODUCTION/posterior_attribution/stages/hts60/run_hts60.sh	1796	e97d5eca5b3ea181b3ef8f23aaed15d8c56b010db812ef29dab87f46ea0a48f6	REPRODUCTION
REPRODUCTION/posterior_attribution/stages/hts60/selftest_hts60.py	1070	910c5bfcbff93e340e9a12263dc8ae58242c6df404ed66d12e034de3be5a8254	REPRODUCTION
REPRODUCTION/posterior_attribution/stages/hts61/CANONICAL_STATE_THROUGH_HTS60.md	788	7ceb44430bc1e3e509c672a528b033ae5da10b8f709531daf0546c90f06620b5	REPRODUCTION
REPRODUCTION/posterior_attribution/stages/hts61/CURRENT_SHA256SUMS.txt	1420	e71335d5c8e4fbab5ee50dec49c720c9c2fe40dfa9dc56f6bcd23d8faa99f9fb	REPRODUCTION
REPRODUCTION/posterior_attribution/stages/hts61/HISTORICAL_SHA256SUMS.txt	1234	4d6a86dac73abd21a4a11e51f463d38a6c59c0f3d4886224fe7ca352b4c52a24	REPRODUCTION
REPRODUCTION/posterior_attribution/stages/hts61/HISTORY_SOURCE_REGISTER.tsv	3087	c16ca0285d66388161243633069ac6effd550ee5abb428b24afbc614428c0588	REPRODUCTION
REPRODUCTION/posterior_attribution/stages/hts61/HTS60_CANONICALIZATION_AUDIT.md	913	c4c09eff2c2040a69e3608f181006e9cd85cbc316d7a4122b51de3c1dc783631	REPRODUCTION
REPRODUCTION/posterior_attribution/stages/hts61/HTS61_EXECUTION_CONTRACT.md	1892	8b53abddae2fe37a0adfd913f960a570cc1cc5debcc66658d62417e50932c6e6	REPRODUCTION
REPRODUCTION/posterior_attribution/stages/hts61/HTS61_PREFLIGHT_RESULT.md	243	59c60425600f186db911d822766d1a8df61550c94f5175261b557987b8df3b1b	REPRODUCTION
REPRODUCTION/posterior_attribution/stages/hts61/HTS61_PREFLIGHT_TEST_AUDIT.md	800	1cbcb221403002e1edaf528d4f015232fff09530686fcc2d6713cd234d4653fc	REPRODUCTION
REPRODUCTION/posterior_attribution/stages/hts61/HTS61_SELECTION_AUDIT.md	239	88e7fe224facaa150777a43d6f6e262a314ea4c1516872dde582133eccd38664	REPRODUCTION
REPRODUCTION/posterior_attribution/stages/hts61/HTS61_SOURCE_ADEQUACY_AUDIT.md	349	4f5e9f81c6e9fbbe0883a3bc69470cb71770f69ba03c99dd965f1082c0887216	REPRODUCTION
REPRODUCTION/posterior_attribution/stages/hts61/README_RUN.md	437	6b5e4db142bf48a226270bbf4b405378e47d310963358ddae4a77f6565c99279	REPRODUCTION
REPRODUCTION/posterior_attribution/stages/hts61/audit_hts61.py	7311	91ef6ea5244dde2f69f0c7c06ea385e35f5f29c1a16651316a66b556aed2cbee	REPRODUCTION
REPRODUCTION/posterior_attribution/stages/hts61/hts61_common.py	52617	b0459a7b42dab7d9bdcef240bd5c3b3f09e248e6d67f5df153da943037613fc1	REPRODUCTION
REPRODUCTION/posterior_attribution/stages/hts61/hts61_metric.py	8274	efa12a7ae8426cb42aa8933084e2ed8c4ec6bdaf67843c0c9c71b017c50c1939	REPRODUCTION
REPRODUCTION/posterior_attribution/stages/hts61/run_hts61.py	9207	360960c7f31a90c1e6c923a7f5b708161b4c74104e7a111ed541774276ba74a3	REPRODUCTION
REPRODUCTION/posterior_attribution/stages/hts61/run_hts61.sh	1791	0c8f24526a8677d530bd4d30cc8bfd7f2d1ba61b3446d4c571d5e969c4af244a	REPRODUCTION
REPRODUCTION/posterior_attribution/stages/hts61/selftest_hts61.py	1108	9990d1ff9690c2c0bac840a4db8d0ea4120645c80416b69dc8d177eec498beb4	REPRODUCTION
REPRODUCTION/posterior_attribution/stages/hts62/CANONICAL_STATE_THROUGH_HTS61.md	693	deacab071a495f0ccadbbe7ef71420c745160f0b08493e7936deb341254c46d9	REPRODUCTION
REPRODUCTION/posterior_attribution/stages/hts62/CURRENT_SHA256SUMS.txt	1420	6a2627de6587744701d831532b34252905f3925cf59bbfe651d9265c4545b6f5	REPRODUCTION
REPRODUCTION/posterior_attribution/stages/hts62/HISTORICAL_SHA256SUMS.txt	1234	6ce1cf3739a8e59b2878d69a1b4334dc75669f704b590718cf1b828f8cf1e7f1	REPRODUCTION
REPRODUCTION/posterior_attribution/stages/hts62/HISTORY_SOURCE_REGISTER.tsv	3087	9b814d6049ce504b9a3b9d8e9bd4c626ec5a0a1cbb3d316d1a8aa2aaae3e819c	REPRODUCTION
REPRODUCTION/posterior_attribution/stages/hts62/HTS61_CANONICALIZATION_AUDIT.md	780	4b37f78804c735f26fb3fa9bbd4c7cc60609a927c48d49f4dcbb4e2b33f22f68	REPRODUCTION
REPRODUCTION/posterior_attribution/stages/hts62/HTS62_EXECUTION_CONTRACT.md	1436	27cfeaa86be998a7f2fa656d3a3b7e813e24832e11d95b35b6ee7b7e2a2f1db9	REPRODUCTION
REPRODUCTION/posterior_attribution/stages/hts62/HTS62_PREFLIGHT_RESULT.md	229	c9cb49d2440a8f12e67ad2b1a3df6d96636abd416a71dad5fea601273b2adeeb	REPRODUCTION
REPRODUCTION/posterior_attribution/stages/hts62/HTS62_PREFLIGHT_TEST_AUDIT.md	594	76bfbd9b209ff8a995a59a813794a5d05b442dd555cd31ea7c6b46fb4d3059cc	REPRODUCTION
REPRODUCTION/posterior_attribution/stages/hts62/HTS62_SELECTION_AUDIT.md	236	2b19c3f443541ce164fec76a3d9c60c35e1f3b565ba4f27abf45138f3b03ae70	REPRODUCTION
REPRODUCTION/posterior_attribution/stages/hts62/HTS62_SOURCE_ADEQUACY_AUDIT.md	316	4a6e6d7c8a90d67ffb948d27cf5e62b668bb54c8bcd505f87e27143a33aa797c	REPRODUCTION
REPRODUCTION/posterior_attribution/stages/hts62/README_RUN.md	437	92c320568341b6e7f514f8b577817f39ce16e6ba7ef346ca50eb59e70103ae3f	REPRODUCTION
REPRODUCTION/posterior_attribution/stages/hts62/audit_hts62.py	3977	eb432d87c21ae940ecf871f3ccad68712a72e6128ef45a80624bb9126b2d1a13	REPRODUCTION
REPRODUCTION/posterior_attribution/stages/hts62/hts62_common.py	52617	6456e2edb4273f18ca9d25736f24f31008cdce3f5ac5fc24c7617525f5216beb	REPRODUCTION
REPRODUCTION/posterior_attribution/stages/hts62/hts62_metric.py	5400	8c3fe7c2725b439f213549eb6d96a1d828aefe73f18de6e23addb54084489db5	REPRODUCTION
REPRODUCTION/posterior_attribution/stages/hts62/run_hts62.py	9722	ebe0f3f55572872825bfc259dae5a17f2e8fdaf4d2c563a550e6cc1aa89fbf35	REPRODUCTION
REPRODUCTION/posterior_attribution/stages/hts62/run_hts62.sh	1807	90c46cfcb1e446dffc4937ef4a2b90daa850d20cc9191902d916c590505bd88b	REPRODUCTION
REPRODUCTION/posterior_attribution/stages/hts62/selftest_hts62.py	1000	c84de0b60052ab6b134259b848b37625416879475c134edd0671f023c0efab71	REPRODUCTION
REPRODUCTION/posterior_attribution/stages/hts63/CANONICAL_STATE_THROUGH_HTS62.md	797	42934c6397a32acf9c323afa546cfbebf65232a01ace2c237c155883086b8cc6	REPRODUCTION
REPRODUCTION/posterior_attribution/stages/hts63/CURRENT_SHA256SUMS.txt	1420	c3f80831eb31a92935863d561103a6f511907b326aeb0cb1b8d11b5252d3f0aa	REPRODUCTION
REPRODUCTION/posterior_attribution/stages/hts63/HISTORICAL_SHA256SUMS.txt	1234	d0d63cfa4e4d62f6ca31a06c5239a04208b38315b319e790ea8ca908f63be1ed	REPRODUCTION
REPRODUCTION/posterior_attribution/stages/hts63/HISTORY_SOURCE_REGISTER.tsv	3087	ba1fd57f3f72049e4e4183c0ff152edbf2982e116eaa8ce5d8a9b5cf20232e0b	REPRODUCTION
REPRODUCTION/posterior_attribution/stages/hts63/HTS62_CANONICALIZATION_AUDIT.md	831	3350cf4d1423725471485783fd3fbdaed97270febd34e5f1614c823766e78e05	REPRODUCTION
REPRODUCTION/posterior_attribution/stages/hts63/HTS63_EXECUTION_CONTRACT.md	1689	82c06d26aed9872b8ee0ca4da4e9c3d9fdf36268836b81128a2b9e29dd05b9fe	REPRODUCTION
REPRODUCTION/posterior_attribution/stages/hts63/HTS63_PREFLIGHT_RESULT.md	226	cebe05d74756c08ce68f2e692d900edd31cae9298acaaf1358df3101bfdad472	REPRODUCTION
REPRODUCTION/posterior_attribution/stages/hts63/HTS63_PREFLIGHT_TEST_AUDIT.md	737	9b4250e240f39105d6153ca52f7db6044851b0674d1984979e11fa82739a8586	REPRODUCTION
REPRODUCTION/posterior_attribution/stages/hts63/HTS63_SELECTION_AUDIT.md	352	ad8f6c0e409bdc1cf8501e8eeb871c0285c9fc6fba0e1c96b6e8d70660594129	REPRODUCTION
REPRODUCTION/posterior_attribution/stages/hts63/HTS63_SOURCE_ADEQUACY_AUDIT.md	375	414bee3debcd640671cb6d223c6d983c56d129d920aee24f5971cfeb8d17e31e	REPRODUCTION
REPRODUCTION/posterior_attribution/stages/hts63/README_RUN.md	437	96ed89ee53a5d3873d041cb6c6af7f7e327a8ebca101d5f556a5cf0b75363566	REPRODUCTION
REPRODUCTION/posterior_attribution/stages/hts63/audit_hts63.py	6443	79bd58535ed70795a752d78a5d21a5e9d28eb82ce9f0bfc211134430005d4054	REPRODUCTION
REPRODUCTION/posterior_attribution/stages/hts63/hts63_common.py	52617	33e6766209e80578fedd48f3e4d424ce30de701ca3f04ab7d4b2730be4204232	REPRODUCTION
REPRODUCTION/posterior_attribution/stages/hts63/hts63_metric.py	8624	c65253aba3e3306209b87c0955cf0e5cd828c41646dc9a315f2a5be79c79f788	REPRODUCTION
REPRODUCTION/posterior_attribution/stages/hts63/run_hts63.py	14150	45fc21a0827fcafa1ec080f0f924fa208c4c892f5af98c64de21b9c6c2224d20	REPRODUCTION
REPRODUCTION/posterior_attribution/stages/hts63/run_hts63.sh	1805	02f852b7f6629eb9ae07a6d578afee7efe83d5f4fecb9f000b20142e552d4f88	REPRODUCTION
REPRODUCTION/posterior_attribution/stages/hts63/selftest_hts63.py	1449	d7e94fe83eb6262e6be9d730a7fab7e1e3b2b961618561bac59a8562e9b531f9	REPRODUCTION
REPRODUCTION/posterior_attribution/stages/hts64/CANONICAL_STATE_THROUGH_HTS63.md	542	e770910bdee18a6a21456005b7f8e4c628f9a3d1546b79d0cb7d7005e62436cf	REPRODUCTION
REPRODUCTION/posterior_attribution/stages/hts64/CURRENT_SHA256SUMS.txt	1420	e50b8301477b7e63894bee8b132d5043e9ce981b0e38cc3f77999edef380a8ad	REPRODUCTION
REPRODUCTION/posterior_attribution/stages/hts64/HISTORICAL_SHA256SUMS.txt	1234	ded103c0ee6c50784c060774e42d5596fe97991cae1f0a13121f75adb9c8af2d	REPRODUCTION
REPRODUCTION/posterior_attribution/stages/hts64/HISTORY_SOURCE_REGISTER.tsv	3083	0e62182f6bdbbabfdd07a54065b282b26751dd8e52e3cca82918c122dac743f1	REPRODUCTION
REPRODUCTION/posterior_attribution/stages/hts64/HTS63_CANONICALIZATION_AUDIT.md	736	d6b08b6abdfd96a15988f5b0cf9d5bcb2f6c7300c72906e028738a36fd23fbb8	REPRODUCTION
REPRODUCTION/posterior_attribution/stages/hts64/HTS64_EXECUTION_CONTRACT.md	1781	6156af5dded8e07461d073b59eac36308256454f1cbffb57bc45d9c756975575	REPRODUCTION
REPRODUCTION/posterior_attribution/stages/hts64/HTS64_PREFLIGHT_RESULT.md	226	6c78607d91e39d58330bebca9e92d7877055faa4735d8c98ca9d630a03e74859	REPRODUCTION
REPRODUCTION/posterior_attribution/stages/hts64/HTS64_PREFLIGHT_TEST_AUDIT.md	711	bf6afa00ebb60ee5676a74974d45631703eb76a8a2639f5933d1e3ea7b8bcfba	REPRODUCTION
REPRODUCTION/posterior_attribution/stages/hts64/HTS64_SELECTION_AUDIT.md	338	f87b79a769e64be07666d91c974e5404f8929bae712ffbf7b208a0bcffbe6ee7	REPRODUCTION
REPRODUCTION/posterior_attribution/stages/hts64/HTS64_SOURCE_ADEQUACY_AUDIT.md	411	537db446a8441beee5c5a32a014a52247163de50f76c694ea40c75ccb2df94f1	REPRODUCTION
REPRODUCTION/posterior_attribution/stages/hts64/README_RUN.md	437	761d8eef9bc72fd5b06d79e974d9bdbb2c9a2d6f2c675ea34ba595bd7fbe4a4a	REPRODUCTION
REPRODUCTION/posterior_attribution/stages/hts64/audit_hts64.py	3062	71ed9828147e82507f61ef53e31647b15a78e63f68037c3c87c5e1c40b527ad3	REPRODUCTION
REPRODUCTION/posterior_attribution/stages/hts64/hts64_common.py	52617	f0bc4a20627c4b805e7ee6ec7899a6428a83052f80e93e93989bc3fda6b48fa7	REPRODUCTION
REPRODUCTION/posterior_attribution/stages/hts64/hts64_metric.py	11098	b0b17343bb0d56436defa4038f39ef27dd792f68dd28933a6fa1cc2696273c8a	REPRODUCTION
REPRODUCTION/posterior_attribution/stages/hts64/run_hts64.py	12698	333330b6513745b03f243f92dd49a068e567862b104c0b94a073c9f11af2a045	REPRODUCTION
REPRODUCTION/posterior_attribution/stages/hts64/run_hts64.sh	1808	4051dccfd79b97156fbaf451fcbf63652ee77bd43d36b2f77dea977fc9e26312	REPRODUCTION
REPRODUCTION/posterior_attribution/stages/hts64/selftest_hts64.py	1092	5dbb600c27bbd12e14f338900d00d93db88619ec401c5f606653224ccfa19666	REPRODUCTION
REPRODUCTION/posterior_attribution/stages/hts65/CANONICAL_STATE_THROUGH_HTS64.md	586	d2e1e32b588739165e5735c0eeca93b1d4e60b3a0e785ced6bc92389648d520f	REPRODUCTION
REPRODUCTION/posterior_attribution/stages/hts65/CURRENT_SHA256SUMS.txt	1420	e93c3d791d8f73418b7c08d0666172425b638d3b5e85ff82c74b79a82c86e65a	REPRODUCTION
REPRODUCTION/posterior_attribution/stages/hts65/HISTORICAL_SHA256SUMS.txt	1234	53cf1a8d695a5307dc74af4380dadb5a74e5e0b5e472ff1cfb5f204ddf2bb592	REPRODUCTION
REPRODUCTION/posterior_attribution/stages/hts65/HISTORY_SOURCE_REGISTER.tsv	3087	93d3aef030a5ecc48d3313877907f4866f1543bd3a4b65b63c9d166d7a941dd6	REPRODUCTION
REPRODUCTION/posterior_attribution/stages/hts65/HTS64_CANONICALIZATION_AUDIT.md	684	dafbc46ef6a5b380e359521c2bf438ce2e840c9e26ab45020d2e9d456fd86c63	REPRODUCTION
REPRODUCTION/posterior_attribution/stages/hts65/HTS65_EXECUTION_CONTRACT.md	1956	b2bd182d03828ab4b9e96be96e66f8fd39213ef04147dbcd3db4ffd3159633ea	REPRODUCTION
REPRODUCTION/posterior_attribution/stages/hts65/HTS65_PREFLIGHT_RESULT.md	218	7ccfcea9dcfddedd1d6f6430f0e786893528687859520b441265b08052601070	REPRODUCTION
REPRODUCTION/posterior_attribution/stages/hts65/HTS65_PREFLIGHT_TEST_AUDIT.md	700	fef0a790f1baf5a255a9c5414179c307de6094369489f2b7cec5610f4a89bccc	REPRODUCTION
REPRODUCTION/posterior_attribution/stages/hts65/HTS65_SELECTION_AUDIT.md	286	30233a5c4b087b77a345b208d16819b9cd75e46cf15689c9248dee75e431d8b1	REPRODUCTION
REPRODUCTION/posterior_attribution/stages/hts65/HTS65_SOURCE_ADEQUACY_AUDIT.md	394	c6c0f888d45180d977649c40b83e0883a8157156dadaf0e493cfd2e26cac6d0a	REPRODUCTION
REPRODUCTION/posterior_attribution/stages/hts65/README_RUN.md	437	e321b37ffa1af1e8d625c9e3cc88e62eff09379b79dc66d6e17c816aa51e02d3	REPRODUCTION
REPRODUCTION/posterior_attribution/stages/hts65/audit_hts65.py	5762	568b1f9617504cb8cd37a24f495057dd83f2bfdc62a2a2bcb930e4b8afc38212	REPRODUCTION
REPRODUCTION/posterior_attribution/stages/hts65/hts65_common.py	52617	6d8652a820ae76f5a935faa79eec86bfd953671c966051a4625099ac5367ee27	REPRODUCTION
REPRODUCTION/posterior_attribution/stages/hts65/hts65_metric.py	11302	3154f1fb8d75a771c57c3a63088ee56e675148c76c286e4665e2fffceddd3160	REPRODUCTION
REPRODUCTION/posterior_attribution/stages/hts65/run_hts65.py	13284	6d45670b1078396209045db89cb24cb89cd82036110de74687cbbc976630a6b3	REPRODUCTION
REPRODUCTION/posterior_attribution/stages/hts65/run_hts65.sh	1808	e1adacc1fd92b2c616ac83915355b0658d2cc5def9523d118a73e6e4365a5a58	REPRODUCTION
REPRODUCTION/posterior_attribution/stages/hts65/selftest_hts65.py	1241	a57168baedb2633383ddafa407d78ae892b8c2c8596fc23e6b1e44772a7abc97	REPRODUCTION
REPRODUCTION/posterior_attribution/stages/hts66/CANONICAL_STATE_THROUGH_HTS65.md	895	4ab98095b0eb79b4cddc65f85d282b9892950c7a42a888902769ef80b6f3f709	REPRODUCTION
REPRODUCTION/posterior_attribution/stages/hts66/CURRENT_SHA256SUMS.txt	1338	55b7c90962aa7d628e6888e779c6d876002a3c807524bb2506aff925bda59acd	REPRODUCTION
REPRODUCTION/posterior_attribution/stages/hts66/HISTORICAL_SHA256SUMS.txt	1152	4b731b99ab9f0fa61c5c4001df8988e06fd03f55709c970b1c0c8f039e142f18	REPRODUCTION
REPRODUCTION/posterior_attribution/stages/hts66/HISTORY_SOURCE_REGISTER.tsv	2876	10d2fff82686eab19891a18265a098c4e0c360ba919e98494b7488002ca6d492	REPRODUCTION
REPRODUCTION/posterior_attribution/stages/hts66/HTS65_CANONICALIZATION_AUDIT.md	1161	91107cd2571e9126d571fefb3b7db217a9ef186d4f1eed1348b7846cd08387f2	REPRODUCTION
REPRODUCTION/posterior_attribution/stages/hts66/HTS66_EXECUTION_CONTRACT.md	1642	20bfed47f62131479751d0f4e3af81ab089f2be4bb64869d9b94d7d227ebe599	REPRODUCTION
REPRODUCTION/posterior_attribution/stages/hts66/HTS66_PREFLIGHT_RESULT.md	214	0acaec83d258d76554311226a315e00c3b32cc4a3a17f77d3a7374960b619db3	REPRODUCTION
REPRODUCTION/posterior_attribution/stages/hts66/HTS66_PREFLIGHT_TEST_AUDIT.md	598	22f2f0453d05f11a40dd7b2726c51bd31c2179b02b3fff5e1de76951cc468eff	REPRODUCTION
REPRODUCTION/posterior_attribution/stages/hts66/HTS66_SELECTION_AUDIT.md	411	b625b994579141b59fee72161b3a86a25c929f3b504968a2623de24608bae742	REPRODUCTION
REPRODUCTION/posterior_attribution/stages/hts66/HTS66_SOURCE_ADEQUACY_AUDIT.md	372	5ca6d457ae406d6d9829587e4fe7a382df8c7479cbf11878beb0642a718560f0	REPRODUCTION
REPRODUCTION/posterior_attribution/stages/hts66/README_RUN.md	456	3a96311223237db50eeb9fb31af53e8a736d8f08487179c368407cfa94b68768	REPRODUCTION
REPRODUCTION/posterior_attribution/stages/hts66/audit_hts66.py	5484	1d4d15ceb7fa0ff937fcb0bb95d51dd85ace6755329ac396bee79f1960c99e38	REPRODUCTION
REPRODUCTION/posterior_attribution/stages/hts66/hts66_common.py	20125	351865c38e28e629d4b71b2c56c95c77ae3c912b19e59265d70dd303f0f3ab99	REPRODUCTION
REPRODUCTION/posterior_attribution/stages/hts66/run_hts66.py	7250	c4f145845276db83d4cf5baa7b814f649fcd3bc2c74dc662a347dc0b882d3524	REPRODUCTION
REPRODUCTION/posterior_attribution/stages/hts66/run_hts66.sh	1615	ef4aa800600b79808f70328575851b54678777ac2239ac4e16c4d437eef36ca1	REPRODUCTION
REPRODUCTION/posterior_attribution/stages/hts66/selftest_hts66.py	1132	395c995645514e67491699ccc178d9fffcc36eda5a04c1dc06ef8ed356b8aaa6	REPRODUCTION
REPRODUCTION/posterior_attribution/stages/hts67/CANONICAL_STATE_THROUGH_HTS66.md	956	507e924a38bb18e7b71db708de74d5618d4134836b00f0b3da6896c573664e9e	REPRODUCTION
REPRODUCTION/posterior_attribution/stages/hts67/CURRENT_SHA256SUMS.txt	1420	7fab9c887180e62522603f8861931e7dd42ad068094326c5e5d11003dc47b568	REPRODUCTION
REPRODUCTION/posterior_attribution/stages/hts67/HISTORICAL_SHA256SUMS.txt	1234	dbffad4b2c9773ca6283d8e379b20d001f2b876a3e8c35bda4511e0e73621fdb	REPRODUCTION
REPRODUCTION/posterior_attribution/stages/hts67/HISTORY_SOURCE_REGISTER.tsv	3077	54fe79e60d8167775301abeb7fb8595fba04af254bea5e8b29209ec66ac20ac6	REPRODUCTION
REPRODUCTION/posterior_attribution/stages/hts67/HTS66_CANONICALIZATION_AUDIT.md	642	743c4f0c66a456f1719ab8a8adaed8db2aa1633e3e490f642d21cb860cfabbcd	REPRODUCTION
REPRODUCTION/posterior_attribution/stages/hts67/HTS67_EXECUTION_CONTRACT.md	3775	d552e08dc9b9e46a3f7e319d28bd9d3c149c49d40572828b7554a1693b06aa8f	REPRODUCTION
REPRODUCTION/posterior_attribution/stages/hts67/HTS67_PREFLIGHT_RESULT.md	390	97755b90609599ddc6ab438ac22be6f2c444cceae99ad93e873326272cf9bd87	REPRODUCTION
REPRODUCTION/posterior_attribution/stages/hts67/HTS67_PREFLIGHT_TEST_AUDIT.md	505	46370e8c851e0218999f21f55df585278e1e20756c8ec734be27cd362749099b	REPRODUCTION
REPRODUCTION/posterior_attribution/stages/hts67/HTS67_SELECTION_AUDIT.md	725	40639323f2b41439db0be29cba911dcb38fe04519fa685771ace8b1b3dfaceac	REPRODUCTION
REPRODUCTION/posterior_attribution/stages/hts67/HTS67_SOURCE_ADEQUACY_AUDIT.md	682	ab65cc2f11b2a6bfd3721dcabe555837372858c53d4080e7cdeb78d4d4ef74f1	REPRODUCTION
REPRODUCTION/posterior_attribution/stages/hts67/README_RUN.md	1083	fe3675ce28f399f9574c2c7966776b499825faa9346fccf02583b3d38c6a4414	REPRODUCTION
REPRODUCTION/posterior_attribution/stages/hts67/audit_hts67.py	5412	f0402d1df1e68c68a157ff679f7a7e97a2f7b0085880b996e5a4c372ec2d8968	REPRODUCTION
REPRODUCTION/posterior_attribution/stages/hts67/hts67_common.py	16952	4485400bf3abf014f42bbd47d3c19bb498e97771f82760ae3b1df4455466c401	REPRODUCTION
REPRODUCTION/posterior_attribution/stages/hts67/hts67_metric.py	9922	236217b7d88f5a97ab46b5610a4e32d8597b0fb5386fce003ee5d7f4eb637a3c	REPRODUCTION
REPRODUCTION/posterior_attribution/stages/hts67/run_hts67.py	23038	d5fea501c9942e76d6eb714e0b17daf38a71cf8a3be2eca02f862fb174fb1b46	REPRODUCTION
REPRODUCTION/posterior_attribution/stages/hts67/run_hts67.sh	1860	bac3ec6ed969179f7648c8172a7b97da575d4533d1d8fb05ab1ee55229748a6f	REPRODUCTION
REPRODUCTION/posterior_attribution/stages/hts67/selftest_hts67.py	2192	0ee187be64adbb2e0da13ae423692d2e1766c4e50d5974785f2e1e749768a318	REPRODUCTION
REPRODUCTION/posterior_attribution/verified_replay_records/E002_EXPECTED_OUTPUT_COMPARISON.tsv	680	379227fef17ead3e19384375fc614ecdbdf83d8fe03f9e4a0d9e5c550ee507b9	REPRODUCTION
REPRODUCTION/posterior_attribution/verified_replay_records/HTS59_65_SUBSTANTIVE_REPLAY_COMPARISON.tsv	1206	caea34676469d5f50f8d7b4c7652afb77d02c1a68fb6bc3900fc3b65b4d71e58	REPRODUCTION
REPRODUCTION/posterior_attribution/verified_replay_records/HTS66_67_REPLAY_COMPARISON.tsv	666	9bea0497151f7b8d1276fdd8e2f1d86378611438445f7b518bfd2fbe8a0d5b21	REPRODUCTION
REPRODUCTION/posterior_attribution/verify_hts67_history_self_containment.py	4993	62f09c01ca887e16d5d0c86b6c609c51fa86def7a06becbfc23a69e5ccf810df	REPRODUCTION
REPRODUCTION/posterior_attribution/verify_output.py	6357	dd2d41b0bb112cabe3459bd2a41b9d9b1a7af1b780f4f19e02be39fd01970536	REPRODUCTION
REPRODUCTION/run_all.py	1194	4ca31deeb24a57fb8923d317c6bb1105ae658a253b0f511fafceab9a70f5d7be	REPRODUCTION
SOURCE_ARCHIVE_RECORD.md	1818	15b36c775e6a2483190e4fab9c004713e10ec5324a5b6dd4a6138a17fb4a7b8a	ROOT_DOCUMENTATION
TABLES/DERIVED_DIAGNOSTICS.tsv	321	180864837fdb4366f1df10c3888d7b53c754ed920eda68b10f3e579dbf06c386	PUBLICATION_TABLE
TABLES/TABLE1_EVIDENCE_DOMAINS.tsv	3658	a05d21041e74cf7f7bd7ae97ea4a03854a37d8a56a0afb08fac185518ca84b01	PUBLICATION_TABLE
TABLES/TABLE2_NUMERICAL_RESULTS.tsv	5011	d684ea9f02358533cd1c00b5c8dc6f81d80ecf1757b467e5c4b1eb28d041774b	PUBLICATION_TABLE
TABLES/TABLE3_CAUSAL_INTERPRETATION_LIMITS.tsv	1405	0ec79a683d2851f61bc3dc8eceaa470bcb306d1fb69316fb750b17c196fb421d	PUBLICATION_TABLE
TABLES/TABLE4_TDCOSMO_TRACEABILITY.tsv	1705	058f8dbebb90a7cae88d85cd6c95d1173527a302b31d91a48354e232baaa2c25	PUBLICATION_TABLE
TRACEABILITY_ARCHIVE_DESCRIPTION.pdf	228550	1ee105f77c47a8ba98d5dc31730a19bbd62014377c575c382ad16d1dab1ce24b	ROOT_DOCUMENTATION
V1_7_1_TO_V1_7_2_METADATA_CORRECTION_RECORD.md	1151	dc8a2587be424bbf670ce6805ca9196fba03449756450b5b641a0d5799458fec	ROOT_DOCUMENTATION
VERSION	6	e6b7255e251fae180891178dc54e93117e0e522c67cd10145600f71c36216ee9	ROOT_DOCUMENTATION
tools/LICENSE	1072	84954891c039ce0b1a500ae5cf46dc8795ddf6ea78ac312b4aff0566910b87ca	TOOL
tools/README.md	879	c520ee1921cb24796cd8f8e419c4393b01d5edea59617d246a0d3df413d30454	TOOL
tools/finalize_publication_package.py	4434	04821a0b18c68953dc0ca732e139dd54bc3fc4008d307c55bb3fe3f83d783c6c	TOOL
tools/trace_record.py	2373	fb94efa747872c1f94c5ceeb9dbdb58232b5093c507b25176110ddbf9eaddd03	TOOL
tools/verify_publication_package.py	61794	d34d0315c138ebf7b956a0b18d097994d86756e7cf41818f5f59dc78575f1f45	TOOL
